timestamp,open,high,low,close,volume
2026-01-27 09:15:00+05:30,5903.5,5911.5,5849.5,5857.0,0
2026-01-27 09:20:00+05:30,5855.5,5866.5,5841.0,5864.0,6592
2026-01-27 09:25:00+05:30,5865.5,5891.0,5865.5,5876.0,4039
2026-01-27 09:30:00+05:30,5877.0,5893.0,5851.5,5891.0,2984
2026-01-27 09:35:00+05:30,5894.5,5920.5,5892.0,5912.0,5894
2026-01-27 09:40:00+05:30,5904.0,5911.0,5899.5,5899.5,2641
2026-01-27 09:45:00+05:30,5906.0,5916.0,5901.5,5906.5,2461
2026-01-27 09:50:00+05:30,5905.5,5925.0,5905.5,5925.0,1707
2026-01-27 09:55:00+05:30,5923.0,5926.0,5916.0,5926.0,1226
2026-01-27 10:00:00+05:30,5926.0,5939.0,5926.0,5931.5,1727
2026-01-27 10:05:00+05:30,5934.0,5934.0,5926.0,5930.0,1231
2026-01-27 10:10:00+05:30,5930.0,5930.0,5915.0,5924.5,2134
2026-01-27 10:15:00+05:30,5924.5,5927.5,5914.5,5920.5,1270
2026-01-27 10:20:00+05:30,5915.0,5920.5,5913.0,5916.5,547
2026-01-27 10:25:00+05:30,5916.5,5924.5,5915.5,5917.0,939
2026-01-27 10:30:00+05:30,5916.0,5930.0,5912.0,5929.5,1065
2026-01-27 10:35:00+05:30,5930.5,5931.0,5922.5,5929.0,1255
2026-01-27 10:40:00+05:30,5929.5,5929.5,5897.5,5900.0,2065
2026-01-27 10:45:00+05:30,5899.5,5899.5,5887.0,5890.5,3320
2026-01-27 10:50:00+05:30,5892.0,5894.5,5877.0,5882.5,1903
2026-01-27 10:55:00+05:30,5884.0,5887.0,5876.5,5884.0,2423
2026-01-27 11:00:00+05:30,5885.0,5885.5,5877.0,5877.5,10510
2026-01-27 11:05:00+05:30,5877.0,5883.5,5875.0,5876.5,1270
2026-01-27 11:10:00+05:30,5877.5,5878.0,5862.0,5862.0,2158
2026-01-27 11:15:00+05:30,5864.0,5865.0,5855.0,5864.5,1579
2026-01-27 11:20:00+05:30,5862.0,5880.5,5861.5,5872.5,2675
2026-01-27 11:25:00+05:30,5872.5,5885.0,5870.5,5880.5,1299
2026-01-27 11:30:00+05:30,5879.5,5884.0,5874.5,5880.0,1521
2026-01-27 11:35:00+05:30,5878.5,5885.0,5878.5,5884.0,1137
2026-01-27 11:40:00+05:30,5885.0,5886.0,5882.0,5885.0,6684
2026-01-27 11:45:00+05:30,5885.0,5900.5,5885.0,5891.5,14721
2026-01-27 11:50:00+05:30,5892.5,5895.0,5890.0,5893.0,4013
2026-01-27 11:55:00+05:30,5894.0,5897.0,5889.0,5889.0,5630
2026-01-27 12:00:00+05:30,5891.0,5892.5,5882.0,5882.0,1411
2026-01-27 12:05:00+05:30,5889.5,5895.0,5887.0,5895.0,3113
2026-01-27 12:10:00+05:30,5895.0,5895.0,5882.5,5886.0,3345
2026-01-27 12:15:00+05:30,5885.0,5887.0,5866.5,5866.5,1240
2026-01-27 12:20:00+05:30,5865.0,5872.0,5863.0,5869.0,894
2026-01-27 12:25:00+05:30,5869.0,5884.5,5863.5,5883.0,1579
2026-01-27 12:30:00+05:30,5885.5,5885.5,5875.0,5876.5,3676
2026-01-27 12:35:00+05:30,5876.0,5880.5,5871.0,5876.0,11856
2026-01-27 12:40:00+05:30,5875.0,5879.5,5875.0,5876.0,1331
2026-01-27 12:45:00+05:30,5876.0,5880.0,5875.5,5876.0,761
2026-01-27 12:50:00+05:30,5876.0,5880.5,5875.0,5880.5,1123
2026-01-27 12:55:00+05:30,5880.0,5883.0,5875.0,5878.5,1569
2026-01-27 13:00:00+05:30,5879.0,5884.5,5875.0,5875.0,1186
2026-01-27 13:05:00+05:30,5875.0,5879.5,5875.0,5877.0,705
2026-01-27 13:10:00+05:30,5877.0,5877.0,5875.0,5875.0,1892
2026-01-27 13:15:00+05:30,5875.0,5881.0,5872.5,5880.5,1707
2026-01-27 13:20:00+05:30,5881.0,5885.0,5877.5,5883.0,714
2026-01-27 13:25:00+05:30,5884.5,5884.5,5879.0,5882.0,691
2026-01-27 13:30:00+05:30,5882.0,5885.0,5878.0,5878.0,792
2026-01-27 13:35:00+05:30,5878.0,5880.5,5875.0,5875.0,2066
2026-01-27 13:40:00+05:30,5875.0,5884.0,5875.0,5880.0,3863
2026-01-27 13:45:00+05:30,5880.0,5885.0,5880.0,5883.0,1351
2026-01-27 13:50:00+05:30,5881.5,5886.5,5880.0,5883.0,1103
2026-01-27 13:55:00+05:30,5883.5,5892.5,5883.5,5886.5,1099
2026-01-27 14:00:00+05:30,5886.5,5889.5,5884.5,5885.5,885
2026-01-27 14:05:00+05:30,5885.5,5889.0,5885.0,5885.5,912
2026-01-27 14:10:00+05:30,5885.0,5893.0,5885.0,5886.5,1157
2026-01-27 14:15:00+05:30,5887.0,5892.0,5886.0,5888.5,1294
2026-01-27 14:20:00+05:30,5890.0,5891.5,5887.5,5890.5,1212
2026-01-27 14:25:00+05:30,5888.5,5894.5,5888.5,5891.0,958
2026-01-27 14:30:00+05:30,5892.5,5902.0,5891.0,5897.0,3241
2026-01-27 14:35:00+05:30,5897.0,5907.5,5895.0,5901.0,8063
2026-01-27 14:40:00+05:30,5902.0,5917.5,5901.0,5912.5,8965
2026-01-27 14:45:00+05:30,5910.5,5918.5,5910.0,5916.0,2255
2026-01-27 14:50:00+05:30,5917.5,5928.5,5916.0,5922.0,7187
2026-01-27 14:55:00+05:30,5923.0,5925.0,5915.5,5916.5,8424
2026-01-27 15:00:00+05:30,5918.0,5920.5,5910.5,5919.5,10252
2026-01-27 15:05:00+05:30,5920.0,5937.5,5918.5,5934.0,5247
2026-01-27 15:10:00+05:30,5934.0,5948.0,5933.5,5943.5,4357
2026-01-27 15:15:00+05:30,5943.5,5950.0,5941.0,5950.0,4576
2026-01-27 15:20:00+05:30,5950.0,5966.0,5949.5,5963.5,3702
2026-01-27 15:25:00+05:30,5965.0,5980.0,5940.0,5940.0,10417
2026-01-28 09:15:00+05:30,5964.0,5994.0,5964.0,5990.5,9268
2026-01-28 09:20:00+05:30,5990.0,5998.5,5971.5,5971.5,2947
2026-01-28 09:25:00+05:30,5972.0,5984.5,5972.0,5982.0,1696
2026-01-28 09:30:00+05:30,5985.0,5998.0,5985.0,5990.0,2029
2026-01-28 09:35:00+05:30,5990.0,5991.0,5973.0,5980.5,1888
2026-01-28 09:40:00+05:30,5979.5,5982.5,5972.0,5973.0,2538
2026-01-28 09:45:00+05:30,5972.5,5972.5,5961.0,5961.5,2064
2026-01-28 09:50:00+05:30,5961.5,5985.5,5959.5,5982.0,2294
2026-01-28 09:55:00+05:30,5978.5,5986.0,5977.0,5982.0,940
2026-01-28 10:00:00+05:30,5983.5,5987.0,5982.0,5984.5,686
2026-01-28 10:05:00+05:30,5986.5,5988.0,5978.0,5982.0,1880
2026-01-28 10:10:00+05:30,5984.0,5988.0,5976.0,5985.0,2392
2026-01-28 10:15:00+05:30,5985.0,5990.0,5983.5,5990.0,1488
2026-01-28 10:20:00+05:30,5988.0,5997.5,5988.0,5997.5,3342
2026-01-28 10:25:00+05:30,5994.0,6000.0,5992.5,5992.5,3592
2026-01-28 10:30:00+05:30,5990.5,5992.0,5977.5,5987.5,6151
2026-01-28 10:35:00+05:30,5988.0,5995.0,5972.0,5975.0,1883
2026-01-28 10:40:00+05:30,5973.5,5980.0,5970.0,5970.5,862
2026-01-28 10:45:00+05:30,5970.5,5972.0,5956.5,5959.0,1321
2026-01-28 10:50:00+05:30,5958.5,5970.0,5957.0,5967.0,1320
2026-01-28 10:55:00+05:30,5967.0,5967.0,5959.5,5964.0,1045
2026-01-28 11:00:00+05:30,5963.0,5965.0,5946.5,5957.0,2042
2026-01-28 11:05:00+05:30,5954.5,5961.0,5949.5,5951.5,816
2026-01-28 11:10:00+05:30,5950.5,5956.5,5950.0,5952.5,508
2026-01-28 11:15:00+05:30,5953.5,5956.0,5950.0,5956.0,630
2026-01-28 11:20:00+05:30,5956.0,5957.0,5952.0,5954.5,418
2026-01-28 11:25:00+05:30,5953.0,5956.5,5951.5,5952.0,733
2026-01-28 11:30:00+05:30,5951.0,5954.5,5949.5,5954.5,469
2026-01-28 11:35:00+05:30,5954.5,5956.5,5942.0,5943.5,1957
2026-01-28 11:40:00+05:30,5942.0,5943.5,5934.0,5936.5,641
2026-01-28 11:45:00+05:30,5936.0,5957.0,5936.0,5955.5,1281
2026-01-28 11:50:00+05:30,5956.0,5957.0,5945.5,5953.0,1167
2026-01-28 11:55:00+05:30,5952.0,5960.0,5952.0,5959.0,1598
2026-01-28 12:00:00+05:30,5959.5,5966.5,5958.0,5965.0,881
2026-01-28 12:05:00+05:30,5965.5,5973.5,5964.0,5968.0,2449
2026-01-28 12:10:00+05:30,5968.0,5970.5,5965.5,5965.5,782
2026-01-28 12:15:00+05:30,5966.5,5976.5,5961.0,5976.5,657
2026-01-28 12:20:00+05:30,5976.0,5980.0,5967.5,5967.5,1013
2026-01-28 12:25:00+05:30,5967.5,5971.5,5963.5,5968.0,512
2026-01-28 12:30:00+05:30,5966.5,5976.5,5966.5,5975.5,730
2026-01-28 12:35:00+05:30,5975.5,5976.0,5966.0,5966.5,702
2026-01-28 12:40:00+05:30,5965.0,5970.0,5962.5,5964.5,1003
2026-01-28 12:45:00+05:30,5962.0,5964.5,5959.0,5959.5,635
2026-01-28 12:50:00+05:30,5959.0,5963.0,5948.0,5955.0,1542
2026-01-28 12:55:00+05:30,5955.0,5961.0,5954.0,5955.0,842
2026-01-28 13:00:00+05:30,5956.5,5960.5,5953.5,5958.0,1376
2026-01-28 13:05:00+05:30,5958.0,5960.5,5956.0,5958.0,554
2026-01-28 13:10:00+05:30,5959.0,5977.0,5958.0,5976.5,1389
2026-01-28 13:15:00+05:30,5976.5,5991.0,5974.0,5990.0,1404
2026-01-28 13:20:00+05:30,5990.0,5991.0,5975.5,5983.5,1338
2026-01-28 13:25:00+05:30,5983.5,5987.5,5979.0,5984.0,1120
2026-01-28 13:30:00+05:30,5985.5,5988.0,5981.0,5982.0,821
2026-01-28 13:35:00+05:30,5984.5,5987.0,5979.0,5981.5,892
2026-01-28 13:40:00+05:30,5982.0,5982.0,5971.0,5974.5,1266
2026-01-28 13:45:00+05:30,5971.0,5979.0,5970.0,5979.0,1273
2026-01-28 13:50:00+05:30,5979.0,5982.5,5975.0,5982.5,537
2026-01-28 13:55:00+05:30,5982.5,5987.5,5979.0,5985.0,1731
2026-01-28 14:00:00+05:30,5987.0,5997.5,5986.5,5996.0,1132
2026-01-28 14:05:00+05:30,5996.5,5996.5,5984.5,5988.5,753
2026-01-28 14:10:00+05:30,5986.5,5990.5,5985.5,5990.5,610
2026-01-28 14:15:00+05:30,5990.0,5995.0,5987.0,5993.5,1065
2026-01-28 14:20:00+05:30,5994.0,5997.5,5990.0,5995.0,940
2026-01-28 14:25:00+05:30,5994.0,5999.5,5990.5,5999.0,1270
2026-01-28 14:30:00+05:30,5999.0,6007.5,5998.5,6001.0,3466
2026-01-28 14:35:00+05:30,6000.0,6008.5,5999.0,6007.5,1278
2026-01-28 14:40:00+05:30,6006.0,6007.5,5996.5,6001.5,2135
2026-01-28 14:45:00+05:30,6001.5,6005.0,6000.5,6003.0,1080
2026-01-28 14:50:00+05:30,6005.0,6022.5,6004.5,6022.5,4184
2026-01-28 14:55:00+05:30,6026.0,6027.0,6023.0,6024.5,2862
2026-01-28 15:00:00+05:30,6024.5,6035.0,6015.5,6015.5,4922
2026-01-28 15:05:00+05:30,6018.5,6018.5,6003.5,6007.5,6638
2026-01-28 15:10:00+05:30,6007.5,6012.0,6007.0,6010.5,6399
2026-01-28 15:15:00+05:30,6010.5,6018.5,6010.5,6012.0,7905
2026-01-28 15:20:00+05:30,6014.5,6018.0,6010.0,6016.0,7976
2026-01-28 15:25:00+05:30,6015.5,6030.0,6012.5,6015.5,0
2026-01-29 09:15:00+05:30,5986.5,5986.5,5931.5,5940.5,8520
2026-01-29 09:20:00+05:30,5941.5,5945.0,5914.0,5938.5,4103
2026-01-29 09:25:00+05:30,5939.0,5948.0,5929.0,5931.0,1928
2026-01-29 09:30:00+05:30,5925.0,5943.0,5923.0,5942.0,2188
2026-01-29 09:35:00+05:30,5940.0,5940.0,5930.0,5934.5,810
2026-01-29 09:40:00+05:30,5936.0,5940.5,5912.0,5912.5,6677
2026-01-29 09:45:00+05:30,5912.0,5925.0,5910.0,5924.0,2018
2026-01-29 09:50:00+05:30,5922.5,5924.0,5903.0,5903.0,1294
2026-01-29 09:55:00+05:30,5902.0,5914.0,5902.0,5913.0,799
2026-01-29 10:00:00+05:30,5912.0,5922.0,5907.0,5921.5,1056
2026-01-29 10:05:00+05:30,5918.5,5922.0,5913.0,5917.5,1339
2026-01-29 10:10:00+05:30,5919.0,5926.5,5916.0,5924.0,1139
2026-01-29 10:15:00+05:30,5921.0,5926.5,5917.0,5921.5,1398
2026-01-29 10:20:00+05:30,5924.0,5926.0,5906.5,5925.0,1569
2026-01-29 10:25:00+05:30,5922.0,5924.5,5912.5,5924.5,3428
2026-01-29 10:30:00+05:30,5923.0,5924.0,5916.0,5917.0,1834
2026-01-29 10:35:00+05:30,5919.0,5919.0,5909.0,5915.0,2802
2026-01-29 10:40:00+05:30,5913.5,5926.5,5913.0,5920.0,2686
2026-01-29 10:45:00+05:30,5918.0,5925.5,5913.0,5925.0,2434
2026-01-29 10:50:00+05:30,5920.5,5937.0,5920.0,5936.0,2611
2026-01-29 10:55:00+05:30,5934.0,5936.0,5926.5,5931.5,2087
2026-01-29 11:00:00+05:30,5931.5,5937.5,5930.0,5932.0,3936
2026-01-29 11:05:00+05:30,5932.0,5935.0,5929.5,5930.0,1218
2026-01-29 11:10:00+05:30,5933.0,5933.0,5924.5,5928.0,1090
2026-01-29 11:15:00+05:30,5930.0,5933.0,5927.0,5927.0,1364
2026-01-29 11:20:00+05:30,5927.0,5933.0,5925.0,5931.0,1132
2026-01-29 11:25:00+05:30,5932.5,5932.5,5927.5,5930.0,1200
2026-01-29 11:30:00+05:30,5930.5,5946.0,5930.5,5945.0,8791
2026-01-29 11:35:00+05:30,5944.0,5965.0,5944.0,5961.0,3606
2026-01-29 11:40:00+05:30,5961.0,5968.0,5960.5,5965.0,1551
2026-01-29 11:45:00+05:30,5966.0,5971.5,5958.0,5970.0,3123
2026-01-29 11:50:00+05:30,5969.5,5975.0,5945.5,5952.0,3290
2026-01-29 11:55:00+05:30,5955.0,5955.5,5940.0,5944.0,2991
2026-01-29 12:00:00+05:30,5940.0,5945.5,5933.0,5937.0,1828
2026-01-29 12:05:00+05:30,5938.5,5950.5,5938.5,5946.5,12725
2026-01-29 12:10:00+05:30,5946.5,5947.0,5930.5,5942.5,9379
2026-01-29 12:15:00+05:30,5943.0,5947.5,5934.5,5942.5,1797
2026-01-29 12:20:00+05:30,5942.0,5947.5,5940.0,5946.0,1509
2026-01-29 12:25:00+05:30,5947.0,5951.5,5942.5,5945.0,1840
2026-01-29 12:30:00+05:30,5945.0,5950.5,5940.0,5944.0,2042
2026-01-29 12:35:00+05:30,5943.0,5952.0,5940.0,5951.5,1743
2026-01-29 12:40:00+05:30,5951.5,5951.5,5946.5,5949.5,707
2026-01-29 12:45:00+05:30,5949.5,5962.0,5945.0,5956.0,1050
2026-01-29 12:50:00+05:30,5959.0,5967.0,5956.5,5961.0,3834
2026-01-29 12:55:00+05:30,5958.0,5964.0,5954.5,5954.5,880
2026-01-29 13:00:00+05:30,5957.0,5964.5,5952.0,5963.5,1293
2026-01-29 13:05:00+05:30,5963.5,5973.0,5961.0,5967.5,1680
2026-01-29 13:10:00+05:30,5968.5,5975.0,5968.5,5971.5,830
2026-01-29 13:15:00+05:30,5974.0,5974.0,5964.0,5964.0,1220
2026-01-29 13:20:00+05:30,5967.5,5972.0,5963.5,5967.0,1411
2026-01-29 13:25:00+05:30,5969.5,5969.5,5963.0,5965.5,1081
2026-01-29 13:30:00+05:30,5968.0,5972.5,5965.0,5969.0,906
2026-01-29 13:35:00+05:30,5971.5,5971.5,5965.5,5967.5,736
2026-01-29 13:40:00+05:30,5970.0,5972.5,5964.0,5972.5,1743
2026-01-29 13:45:00+05:30,5973.0,5984.0,5973.0,5984.0,1262
2026-01-29 13:50:00+05:30,5982.0,5982.0,5973.0,5977.0,1230
2026-01-29 13:55:00+05:30,5978.0,5982.5,5973.5,5980.0,1065
2026-01-29 14:00:00+05:30,5979.5,5982.5,5973.5,5973.5,1136
2026-01-29 14:05:00+05:30,5976.5,5985.0,5968.5,5985.0,1910
2026-01-29 14:10:00+05:30,5986.0,5999.0,5984.0,5994.0,2439
2026-01-29 14:15:00+05:30,5994.0,5998.5,5990.0,5992.5,1578
2026-01-29 14:20:00+05:30,5992.0,5995.0,5988.0,5992.0,1097
2026-01-29 14:25:00+05:30,5995.0,5999.5,5992.0,5998.0,877
2026-01-29 14:30:00+05:30,5999.5,6005.5,5998.0,6003.0,895
2026-01-29 14:35:00+05:30,6003.5,6012.0,5999.0,6010.5,1651
2026-01-29 14:40:00+05:30,6010.5,6010.5,5993.5,5996.0,2078
2026-01-29 14:45:00+05:30,5995.0,5998.5,5990.0,5990.5,660
2026-01-29 14:50:00+05:30,5990.5,5998.0,5987.0,5993.0,1452
2026-01-29 14:55:00+05:30,5994.5,5998.5,5992.0,5993.5,705
2026-01-29 15:00:00+05:30,5998.0,6002.5,5996.5,5999.5,6427
2026-01-29 15:05:00+05:30,5999.5,6001.5,5991.5,5995.0,3315
2026-01-29 15:10:00+05:30,5994.5,5996.0,5985.0,5992.5,3532
2026-01-29 15:15:00+05:30,5990.5,5991.5,5984.5,5989.5,4098
2026-01-29 15:20:00+05:30,5988.5,5998.5,5988.5,5994.0,4654
2026-01-29 15:25:00+05:30,5993.0,6000.0,5991.5,6000.0,3678
2026-01-30 09:15:00+05:30,5933.5,5954.0,5915.5,5915.5,4202
2026-01-30 09:20:00+05:30,5920.0,5920.0,5892.0,5895.5,3856
2026-01-30 09:25:00+05:30,5894.5,5925.5,5892.5,5905.5,2820
2026-01-30 09:30:00+05:30,5908.5,5928.5,5908.0,5924.5,1386
2026-01-30 09:35:00+05:30,5929.0,5932.0,5920.0,5920.0,1527
2026-01-30 09:40:00+05:30,5921.5,5931.0,5911.5,5923.0,1604
2026-01-30 09:45:00+05:30,5927.5,5937.0,5925.0,5934.5,1507
2026-01-30 09:50:00+05:30,5934.5,5934.5,5910.0,5916.5,1906
2026-01-30 09:55:00+05:30,5915.0,5930.5,5915.0,5929.0,1546
2026-01-30 10:00:00+05:30,5926.0,5938.5,5919.0,5921.5,2210
2026-01-30 10:05:00+05:30,5920.5,5920.5,5902.5,5903.5,2906
2026-01-30 10:10:00+05:30,5907.5,5922.0,5903.5,5920.0,1644
2026-01-30 10:15:00+05:30,5920.0,5927.5,5919.0,5919.0,1457
2026-01-30 10:20:00+05:30,5918.0,5918.0,5892.5,5901.5,3197
2026-01-30 10:25:00+05:30,5902.0,5921.5,5898.5,5921.5,1739
2026-01-30 10:30:00+05:30,5921.0,5940.0,5921.0,5938.5,2094
2026-01-30 10:35:00+05:30,5938.5,5950.0,5936.0,5949.0,1654
2026-01-30 10:40:00+05:30,5950.0,5955.5,5946.5,5955.0,3434
2026-01-30 10:45:00+05:30,5952.0,5956.5,5950.0,5954.5,1235
2026-01-30 10:50:00+05:30,5954.5,5955.0,5950.0,5954.5,1552
2026-01-30 10:55:00+05:30,5954.5,5962.5,5953.5,5961.5,2062
2026-01-30 11:00:00+05:30,5961.5,5964.0,5948.0,5950.0,1407
2026-01-30 11:05:00+05:30,5950.0,5955.5,5942.0,5942.0,1561
2026-01-30 11:10:00+05:30,5940.0,5947.0,5936.0,5943.0,1518
2026-01-30 11:15:00+05:30,5944.0,5947.5,5940.0,5945.5,1066
2026-01-30 11:20:00+05:30,5944.5,5950.0,5925.0,5938.5,3195
2026-01-30 11:25:00+05:30,5942.5,5946.0,5933.0,5938.5,859
2026-01-30 11:30:00+05:30,5937.5,5938.5,5932.0,5937.0,958
2026-01-30 11:35:00+05:30,5936.0,5949.0,5933.0,5947.5,1085
2026-01-30 11:40:00+05:30,5949.5,5950.5,5944.0,5946.5,963
2026-01-30 11:45:00+05:30,5948.0,5953.0,5943.5,5948.5,1361
2026-01-30 11:50:00+05:30,5949.5,5960.0,5947.5,5957.0,1141
2026-01-30 11:55:00+05:30,5955.0,5959.5,5947.5,5958.0,2386
2026-01-30 12:00:00+05:30,5957.0,5959.5,5953.0,5958.5,1129
2026-01-30 12:05:00+05:30,5958.5,5960.0,5955.0,5957.0,850
2026-01-30 12:10:00+05:30,5960.0,5960.0,5957.0,5960.0,886
2026-01-30 12:15:00+05:30,5960.0,5964.0,5953.0,5956.5,1286
2026-01-30 12:20:00+05:30,5956.5,5965.0,5947.5,5964.0,1531
2026-01-30 12:25:00+05:30,5964.0,5967.5,5953.5,5957.0,1653
2026-01-30 12:30:00+05:30,5957.0,5967.5,5957.0,5962.0,787
2026-01-30 12:35:00+05:30,5962.5,5965.0,5956.5,5962.5,1245
2026-01-30 12:40:00+05:30,5963.5,5965.0,5958.0,5961.0,913
2026-01-30 12:45:00+05:30,5960.5,5963.0,5956.5,5958.5,995
2026-01-30 12:50:00+05:30,5958.5,5962.0,5956.0,5961.0,1070
2026-01-30 12:55:00+05:30,5961.5,5962.0,5957.0,5960.0,1729
2026-01-30 13:00:00+05:30,5962.0,5962.0,5951.0,5959.5,1434
2026-01-30 13:05:00+05:30,5960.0,5961.0,5951.0,5956.0,983
2026-01-30 13:10:00+05:30,5954.5,5958.5,5952.0,5953.0,1180
2026-01-30 13:15:00+05:30,5953.0,5954.5,5932.0,5933.5,4785
2026-01-30 13:20:00+05:30,5935.5,5950.0,5932.0,5947.0,2156
2026-01-30 13:25:00+05:30,5948.5,5950.0,5946.0,5949.0,1753
2026-01-30 13:30:00+05:30,5948.5,5950.0,5947.0,5947.0,1994
2026-01-30 13:35:00+05:30,5950.0,5950.0,5947.5,5950.0,897
2026-01-30 13:40:00+05:30,5950.0,5951.0,5943.5,5949.0,14722
2026-01-30 13:45:00+05:30,5949.0,5951.0,5946.0,5949.0,5687
2026-01-30 13:50:00+05:30,5949.0,5963.5,5947.0,5962.0,18241
2026-01-30 13:55:00+05:30,5962.0,5964.0,5955.0,5956.0,2336
2026-01-30 14:00:00+05:30,5957.5,5995.0,5956.0,5963.5,1886
2026-01-30 14:05:00+05:30,5965.5,5974.0,5964.5,5968.5,1429
2026-01-30 14:10:00+05:30,5971.0,5974.0,5968.0,5970.5,1207
2026-01-30 14:15:00+05:30,5971.0,5971.0,5963.0,5966.0,1519
2026-01-30 14:20:00+05:30,5962.5,5971.0,5962.5,5966.0,1609
2026-01-30 14:25:00+05:30,5964.5,5969.0,5963.0,5968.0,1206
2026-01-30 14:30:00+05:30,5968.0,5970.0,5960.5,5963.5,1571
2026-01-30 14:35:00+05:30,5963.5,5977.0,5963.0,5975.5,1711
2026-01-30 14:40:00+05:30,5975.5,5979.5,5957.5,5960.0,4292
2026-01-30 14:45:00+05:30,5960.5,5971.5,5958.5,5970.5,2119
2026-01-30 14:50:00+05:30,5970.5,5975.0,5966.0,5972.5,2847
2026-01-30 14:55:00+05:30,5971.0,5985.0,5968.5,5979.5,4144
2026-01-30 15:00:00+05:30,5981.0,5990.0,5962.0,5982.5,14554
2026-01-30 15:05:00+05:30,5983.5,5985.0,5978.5,5983.0,11588
2026-01-30 15:10:00+05:30,5982.5,5987.0,5980.5,5983.5,15323
2026-01-30 15:15:00+05:30,5981.5,5988.0,5959.5,5959.5,22349
2026-01-30 15:20:00+05:30,5959.0,5972.5,5955.5,5959.5,23476
2026-01-30 15:25:00+05:30,5964.0,5992.0,5964.0,5970.0,14403
2026-02-02 15:25:00+05:30,5986.0,5986.0,5986.0,5986.0,0
2026-02-03 09:15:00+05:30,6250.0,6250.0,6211.5,6218.5,29873
2026-02-03 09:20:00+05:30,6224.0,6226.5,6150.0,6152.0,10700
2026-02-03 09:25:00+05:30,6154.5,6170.5,6150.0,6154.0,4246
2026-02-03 09:30:00+05:30,6150.0,6170.0,6139.0,6149.0,4775
2026-02-03 09:35:00+05:30,6146.0,6151.0,6138.5,6147.5,5048
2026-02-03 09:40:00+05:30,6140.5,6146.0,6119.5,6121.5,2877
2026-02-03 09:45:00+05:30,6122.0,6137.0,6112.0,6137.0,4319
2026-02-03 09:50:00+05:30,6128.0,6136.5,6122.0,6129.0,3793
2026-02-03 09:55:00+05:30,6130.0,6133.5,6118.5,6118.5,2278
2026-02-03 10:00:00+05:30,6115.5,6122.0,6106.0,6108.0,1683
2026-02-03 10:05:00+05:30,6107.5,6111.5,6101.5,6110.5,1421
2026-02-03 10:10:00+05:30,6109.5,6114.5,6104.0,6111.5,5482
2026-02-03 10:15:00+05:30,6112.5,6126.5,6106.5,6123.5,2988
2026-02-03 10:20:00+05:30,6116.5,6125.5,6104.0,6115.5,3383
2026-02-03 10:25:00+05:30,6112.5,6116.0,6105.5,6107.5,2241
2026-02-03 10:30:00+05:30,6109.0,6119.5,6102.5,6116.5,1032
2026-02-03 10:35:00+05:30,6120.0,6126.5,6114.5,6116.0,949
2026-02-03 10:40:00+05:30,6123.0,6123.0,6078.0,6078.0,4813
2026-02-03 10:45:00+05:30,6078.5,6084.0,6069.0,6069.0,3292
2026-02-03 10:50:00+05:30,6070.0,6077.5,6053.5,6054.0,3197
2026-02-03 10:55:00+05:30,6052.0,6055.0,6048.0,6052.0,2026
2026-02-03 11:00:00+05:30,6052.0,6072.5,6052.0,6072.5,1779
2026-02-03 11:05:00+05:30,6072.5,6084.5,6072.5,6081.0,1003
2026-02-03 11:10:00+05:30,6079.0,6083.5,6074.5,6079.5,305
2026-02-03 11:15:00+05:30,6077.0,6087.5,6077.0,6083.0,850
2026-02-03 11:20:00+05:30,6085.0,6089.5,6081.0,6089.5,483
2026-02-03 11:25:00+05:30,6089.5,6100.0,6087.5,6098.5,2633
2026-02-03 11:30:00+05:30,6102.0,6112.0,6100.5,6110.0,1423
2026-02-03 11:35:00+05:30,6108.0,6111.5,6090.5,6098.0,1744
2026-02-03 11:40:00+05:30,6097.0,6108.5,6096.5,6104.0,612
2026-02-03 11:45:00+05:30,6105.0,6109.5,6095.5,6099.5,809
2026-02-03 11:50:00+05:30,6098.5,6098.5,6083.5,6090.0,702
2026-02-03 11:55:00+05:30,6091.0,6097.0,6091.0,6096.0,376
2026-02-03 12:00:00+05:30,6096.0,6097.0,6093.0,6095.0,467
2026-02-03 12:05:00+05:30,6095.0,6096.0,6089.0,6091.0,474
2026-02-03 12:10:00+05:30,6091.5,6091.5,6081.5,6081.5,667
2026-02-03 12:15:00+05:30,6080.5,6080.5,6070.5,6074.5,1099
2026-02-03 12:20:00+05:30,6078.0,6086.0,6077.5,6080.5,872
2026-02-03 12:25:00+05:30,6081.0,6086.0,6078.0,6086.0,768
2026-02-03 12:30:00+05:30,6086.0,6089.0,6081.5,6081.5,293
2026-02-03 12:35:00+05:30,6081.5,6081.5,6071.5,6077.0,814
2026-02-03 12:40:00+05:30,6077.5,6077.5,6072.5,6077.0,608
2026-02-03 12:45:00+05:30,6078.5,6078.5,6067.5,6073.5,668
2026-02-03 12:50:00+05:30,6072.5,6074.5,6055.0,6056.5,1250
2026-02-03 12:55:00+05:30,6058.5,6059.0,6053.0,6056.0,928
2026-02-03 13:00:00+05:30,6057.5,6058.5,6044.5,6044.5,1473
2026-02-03 13:05:00+05:30,6044.5,6048.0,6036.5,6038.0,1028
2026-02-03 13:10:00+05:30,6036.0,6041.0,6035.5,6036.0,1825
2026-02-03 13:15:00+05:30,6038.5,6040.0,6033.0,6034.0,999
2026-02-03 13:20:00+05:30,6032.0,6044.5,6030.0,6036.0,1689
2026-02-03 13:25:00+05:30,6036.0,6036.0,6025.5,6028.0,1564
2026-02-03 13:30:00+05:30,6031.5,6035.0,6023.0,6024.5,1253
2026-02-03 13:35:00+05:30,6024.5,6032.0,6016.0,6025.0,1894
2026-02-03 13:40:00+05:30,6025.0,6029.5,6022.0,6026.0,536
2026-02-03 13:45:00+05:30,6026.5,6034.0,6026.0,6033.5,408
2026-02-03 13:50:00+05:30,6035.0,6054.0,6035.0,6053.5,2253
2026-02-03 13:55:00+05:30,6051.5,6056.0,6033.5,6039.0,865
2026-02-03 14:00:00+05:30,6038.5,6049.0,6033.5,6047.5,941
2026-02-03 14:05:00+05:30,6047.0,6051.0,6045.0,6051.0,794
2026-02-03 14:10:00+05:30,6051.0,6055.0,6048.5,6048.5,999
2026-02-03 14:15:00+05:30,6050.5,6055.0,6050.5,6052.5,430
2026-02-03 14:20:00+05:30,6051.5,6052.5,6044.5,6049.5,556
2026-02-03 14:25:00+05:30,6050.0,6055.0,6048.0,6054.0,719
2026-02-03 14:30:00+05:30,6051.0,6056.0,6046.5,6049.5,493
2026-02-03 14:35:00+05:30,6050.0,6053.0,6046.0,6048.5,728
2026-02-03 14:40:00+05:30,6050.0,6050.0,6034.0,6036.0,848
2026-02-03 14:45:00+05:30,6037.0,6047.0,6036.5,6042.5,922
2026-02-03 14:50:00+05:30,6043.0,6053.0,6041.5,6045.5,2344
2026-02-03 14:55:00+05:30,6045.5,6052.5,6044.5,6048.0,1220
2026-02-03 15:00:00+05:30,6046.5,6049.5,6040.5,6042.0,2634
2026-02-03 15:05:00+05:30,6042.0,6042.0,6037.0,6039.0,1981
2026-02-03 15:10:00+05:30,6034.0,6051.5,6034.0,6051.5,3908
2026-02-03 15:15:00+05:30,6053.0,6057.0,6043.0,6043.0,3985
2026-02-03 15:20:00+05:30,6043.5,6047.0,6039.0,6040.0,4435
2026-02-03 15:25:00+05:30,6039.5,6045.0,6029.5,6037.5,3519
2026-02-04 09:15:00+05:30,5699.5,5728.0,5585.5,5658.0,0
2026-02-04 09:20:00+05:30,5655.5,5700.5,5655.5,5671.0,29037
2026-02-04 09:25:00+05:30,5673.5,5687.0,5646.0,5646.0,22344
2026-02-04 09:30:00+05:30,5650.5,5695.5,5642.5,5694.0,15619
2026-02-04 09:35:00+05:30,5694.0,5700.0,5676.0,5688.5,11054
2026-02-04 09:40:00+05:30,5687.0,5697.5,5683.0,5683.0,6797
2026-02-04 09:45:00+05:30,5683.0,5683.0,5670.0,5682.0,9056
2026-02-04 09:50:00+05:30,5682.5,5690.5,5670.5,5674.5,3780
2026-02-04 09:55:00+05:30,5673.5,5684.0,5667.5,5682.5,6953
2026-02-04 10:00:00+05:30,5682.0,5703.0,5675.5,5696.5,6124
2026-02-04 10:05:00+05:30,5695.5,5716.0,5693.5,5701.5,13487
2026-02-04 10:10:00+05:30,5701.5,5705.0,5692.5,5692.5,5286
2026-02-04 10:15:00+05:30,5694.0,5694.0,5672.5,5677.5,4458
2026-02-04 10:20:00+05:30,5677.0,5677.0,5665.5,5669.0,6719
2026-02-04 10:25:00+05:30,5669.5,5677.5,5660.0,5663.5,6780
2026-02-04 10:30:00+05:30,5663.5,5665.0,5652.5,5652.5,5565
2026-02-04 10:35:00+05:30,5652.0,5654.0,5632.0,5636.0,14820
2026-02-04 10:40:00+05:30,5636.0,5643.5,5632.0,5633.0,5020
2026-02-04 10:45:00+05:30,5635.5,5635.5,5627.0,5628.0,7075
2026-02-04 10:50:00+05:30,5627.0,5635.5,5625.0,5627.5,4628
2026-02-04 10:55:00+05:30,5631.0,5637.0,5622.0,5625.0,5804
2026-02-04 11:00:00+05:30,5624.5,5625.0,5614.0,5614.0,5162
2026-02-04 11:05:00+05:30,5614.0,5618.5,5611.0,5611.0,4711
2026-02-04 11:10:00+05:30,5610.0,5613.0,5598.5,5603.5,13111
2026-02-04 11:15:00+05:30,5603.0,5605.0,5585.0,5588.5,9918
2026-02-04 11:20:00+05:30,5587.5,5594.0,5567.0,5568.0,17305
2026-02-04 11:25:00+05:30,5568.5,5575.0,5550.0,5568.5,11570
2026-02-04 11:30:00+05:30,5568.5,5578.0,5556.5,5559.5,8064
2026-02-04 11:35:00+05:30,5559.5,5570.0,5557.0,5562.5,3403
2026-02-04 11:40:00+05:30,5564.0,5577.5,5561.5,5563.0,3015
2026-02-04 11:45:00+05:30,5564.0,5565.0,5557.0,5558.0,3978
2026-02-04 11:50:00+05:30,5559.5,5565.0,5546.0,5563.0,7921
2026-02-04 11:55:00+05:30,5564.5,5575.0,5560.0,5574.5,7203
2026-02-04 12:00:00+05:30,5575.0,5583.0,5570.5,5577.0,5349
2026-02-04 12:05:00+05:30,5577.0,5614.5,5575.0,5614.0,13448
2026-02-04 12:10:00+05:30,5613.0,5616.0,5589.5,5604.0,7582
2026-02-04 12:15:00+05:30,5604.0,5618.0,5601.5,5616.0,8411
2026-02-04 12:20:00+05:30,5614.5,5614.5,5591.0,5595.0,6450
2026-02-04 12:25:00+05:30,5595.0,5612.0,5593.5,5596.0,14327
2026-02-04 12:30:00+05:30,5595.0,5603.0,5585.0,5600.0,5259
2026-02-04 12:35:00+05:30,5603.0,5621.0,5596.5,5620.5,10134
2026-02-04 12:40:00+05:30,5619.5,5626.0,5618.0,5622.0,8439
2026-02-04 12:45:00+05:30,5622.0,5631.0,5616.0,5627.0,5159
2026-02-04 12:50:00+05:30,5627.0,5628.0,5616.0,5616.0,5332
2026-02-04 12:55:00+05:30,5616.5,5619.0,5605.0,5610.0,12390
2026-02-04 13:00:00+05:30,5608.5,5632.0,5608.5,5632.0,5149
2026-02-04 13:05:00+05:30,5632.0,5644.5,5632.0,5637.5,5644
2026-02-04 13:10:00+05:30,5637.5,5647.5,5636.5,5647.5,5935
2026-02-04 13:15:00+05:30,5649.0,5655.0,5645.0,5654.5,17977
2026-02-04 13:20:00+05:30,5653.5,5655.0,5650.0,5652.5,6716
2026-02-04 13:25:00+05:30,5650.0,5652.0,5650.0,5650.0,7016
2026-02-04 13:30:00+05:30,5650.5,5674.5,5643.5,5667.5,13243
2026-02-04 13:35:00+05:30,5667.0,5671.0,5658.0,5660.5,6864
2026-02-04 13:40:00+05:30,5662.5,5684.5,5658.5,5679.0,14904
2026-02-04 13:45:00+05:30,5678.0,5688.0,5676.0,5681.0,9867
2026-02-04 13:50:00+05:30,5678.0,5686.5,5670.0,5677.0,7526
2026-02-04 13:55:00+05:30,5677.0,5691.0,5673.0,5688.5,10744
2026-02-04 14:00:00+05:30,5687.0,5688.5,5679.0,5682.5,7766
2026-02-04 14:05:00+05:30,5680.0,5680.0,5670.0,5675.0,10809
2026-02-04 14:10:00+05:30,5675.0,5684.0,5675.0,5680.5,7865
2026-02-04 14:15:00+05:30,5682.5,5685.5,5677.5,5682.0,6951
2026-02-04 14:20:00+05:30,5683.5,5694.0,5679.5,5683.5,11924
2026-02-04 14:25:00+05:30,5680.0,5686.5,5679.5,5686.5,9705
2026-02-04 14:30:00+05:30,5686.0,5690.0,5683.5,5688.5,6449
2026-02-04 14:35:00+05:30,5687.5,5691.0,5684.0,5688.0,10264
2026-02-04 14:40:00+05:30,5685.0,5688.0,5665.5,5665.5,9977
2026-02-04 14:45:00+05:30,5665.5,5679.0,5658.0,5676.5,15307
2026-02-04 14:50:00+05:30,5676.0,5709.0,5674.0,5696.5,27281
2026-02-04 14:55:00+05:30,5698.5,5702.0,5682.0,5695.0,10981
2026-02-04 15:00:00+05:30,5692.5,5713.5,5686.5,5712.5,12444
2026-02-04 15:05:00+05:30,5713.5,5721.5,5707.5,5720.5,16643
2026-02-04 15:10:00+05:30,5721.0,5721.5,5717.0,5720.0,10542
2026-02-04 15:15:00+05:30,5720.0,5720.0,5688.0,5700.0,53927
2026-02-04 15:20:00+05:30,5701.0,5710.5,5698.5,5706.0,8658
2026-02-04 15:25:00+05:30,5705.5,5708.5,5691.0,5706.5,10845
2026-02-05 09:15:00+05:30,5698.5,5704.0,5667.0,5668.0,0
2026-02-05 09:20:00+05:30,5668.0,5687.5,5657.0,5677.5,6000
2026-02-05 09:25:00+05:30,5672.5,5678.5,5670.0,5676.5,7607
2026-02-05 09:30:00+05:30,5674.0,5677.5,5670.0,5670.0,2713
2026-02-05 09:35:00+05:30,5670.0,5673.0,5645.0,5645.0,7443
2026-02-05 09:40:00+05:30,5648.5,5648.5,5625.0,5625.0,3346
2026-02-05 09:45:00+05:30,5625.5,5632.0,5620.5,5630.5,3896
2026-02-05 09:50:00+05:30,5637.5,5642.0,5626.0,5626.5,1625
2026-02-05 09:55:00+05:30,5627.5,5655.0,5620.0,5653.5,2832
2026-02-05 10:00:00+05:30,5655.0,5656.0,5640.0,5656.0,2024
2026-02-05 10:05:00+05:30,5661.0,5671.0,5654.0,5657.0,2697
2026-02-05 10:10:00+05:30,5655.0,5660.0,5651.0,5655.5,1114
2026-02-05 10:15:00+05:30,5657.5,5704.0,5654.5,5703.0,4429
2026-02-05 10:20:00+05:30,5702.5,5741.0,5702.5,5714.0,6845
2026-02-05 10:25:00+05:30,5709.5,5720.0,5702.0,5714.5,2664
2026-02-05 10:30:00+05:30,5714.0,5715.0,5703.0,5706.0,1849
2026-02-05 10:35:00+05:30,5706.0,5716.0,5700.0,5708.5,2541
2026-02-05 10:40:00+05:30,5709.0,5709.0,5686.5,5690.0,2590
2026-02-05 10:45:00+05:30,5687.5,5693.5,5684.0,5689.0,1689
2026-02-05 10:50:00+05:30,5687.0,5691.0,5672.5,5675.5,1195
2026-02-05 10:55:00+05:30,5675.5,5682.5,5672.5,5672.5,1239
2026-02-05 11:00:00+05:30,5672.5,5675.5,5663.5,5666.0,968
2026-02-05 11:05:00+05:30,5666.0,5670.0,5662.5,5664.0,3915
2026-02-05 11:10:00+05:30,5661.0,5685.0,5661.0,5679.0,1947
2026-02-05 11:15:00+05:30,5683.0,5683.0,5670.0,5670.0,1477
2026-02-05 11:20:00+05:30,5682.0,5689.0,5677.0,5686.0,4517
2026-02-05 11:25:00+05:30,5685.0,5689.5,5683.0,5686.5,563
2026-02-05 11:30:00+05:30,5685.0,5691.5,5683.5,5688.0,632
2026-02-05 11:35:00+05:30,5685.0,5688.0,5682.0,5683.0,2617
2026-02-05 11:40:00+05:30,5685.5,5691.0,5676.0,5676.0,8278
2026-02-05 11:45:00+05:30,5676.0,5676.5,5642.0,5646.5,4622
2026-02-05 11:50:00+05:30,5644.5,5662.0,5631.0,5652.0,8687
2026-02-05 11:55:00+05:30,5655.0,5667.0,5651.5,5663.0,10356
2026-02-05 12:00:00+05:30,5662.5,5675.0,5652.5,5675.0,5275
2026-02-05 12:05:00+05:30,5675.5,5677.0,5665.5,5670.0,9155
2026-02-05 12:10:00+05:30,5666.0,5678.5,5662.0,5675.0,5483
2026-02-05 12:15:00+05:30,5676.0,5677.0,5668.5,5670.5,12270
2026-02-05 12:20:00+05:30,5671.5,5679.5,5668.5,5675.0,1612
2026-02-05 12:25:00+05:30,5675.0,5682.5,5675.0,5678.5,1871
2026-02-05 12:30:00+05:30,5681.0,5686.0,5675.0,5677.5,1135
2026-02-05 12:35:00+05:30,5679.5,5683.0,5679.0,5681.0,976
2026-02-05 12:40:00+05:30,5681.0,5681.5,5675.5,5680.5,742
2026-02-05 12:45:00+05:30,5679.0,5700.0,5676.5,5695.0,7929
2026-02-05 12:50:00+05:30,5694.5,5696.5,5683.0,5683.5,1700
2026-02-05 12:55:00+05:30,5683.0,5701.0,5678.5,5691.0,13535
2026-02-05 13:00:00+05:30,5695.0,5695.0,5682.5,5691.0,2859
2026-02-05 13:05:00+05:30,5693.5,5698.0,5688.5,5693.5,7937
2026-02-05 13:10:00+05:30,5694.0,5694.0,5690.0,5690.0,5892
2026-02-05 13:15:00+05:30,5690.0,5695.0,5690.0,5691.0,3304
2026-02-05 13:20:00+05:30,5690.0,5695.0,5690.0,5691.5,880
2026-02-05 13:25:00+05:30,5691.5,5693.5,5685.0,5685.0,3202
2026-02-05 13:30:00+05:30,5684.5,5686.5,5674.5,5676.5,1968
2026-02-05 13:35:00+05:30,5676.0,5683.5,5671.5,5682.5,1332
2026-02-05 13:40:00+05:30,5680.0,5688.5,5680.0,5685.0,506
2026-02-05 13:45:00+05:30,5687.0,5687.0,5681.5,5685.0,498
2026-02-05 13:50:00+05:30,5682.5,5685.0,5680.0,5682.0,905
2026-02-05 13:55:00+05:30,5683.0,5689.0,5680.5,5689.0,820
2026-02-05 14:00:00+05:30,5687.0,5690.5,5678.5,5681.0,7300
2026-02-05 14:05:00+05:30,5681.0,5681.0,5674.5,5675.5,492
2026-02-05 14:10:00+05:30,5678.0,5680.5,5672.5,5676.0,1676
2026-02-05 14:15:00+05:30,5679.5,5679.5,5670.5,5671.5,803
2026-02-05 14:20:00+05:30,5674.0,5677.5,5672.0,5677.0,821
2026-02-05 14:25:00+05:30,5677.5,5690.5,5668.0,5682.5,3146
2026-02-05 14:30:00+05:30,5682.5,5687.5,5681.0,5683.0,1810
2026-02-05 14:35:00+05:30,5683.0,5686.5,5680.0,5680.0,1672
2026-02-05 14:40:00+05:30,5680.0,5686.5,5678.0,5681.5,1675
2026-02-05 14:45:00+05:30,5680.0,5685.0,5676.5,5682.0,3406
2026-02-05 14:50:00+05:30,5682.0,5694.5,5682.0,5694.5,4334
2026-02-05 14:55:00+05:30,5694.0,5697.5,5691.0,5695.0,6575
2026-02-05 15:00:00+05:30,5693.0,5698.5,5687.5,5689.5,3779
2026-02-05 15:05:00+05:30,5690.5,5695.0,5680.0,5680.0,5264
2026-02-05 15:10:00+05:30,5681.5,5687.5,5675.0,5682.5,12015
2026-02-05 15:15:00+05:30,5685.5,5688.0,5680.0,5680.0,17725
2026-02-05 15:20:00+05:30,5683.0,5683.5,5671.0,5672.5,7691
2026-02-05 15:25:00+05:30,5673.0,5678.0,5670.0,5670.0,4177
2026-02-06 09:15:00+05:30,5650.0,5650.0,5576.0,5576.0,0
2026-02-06 09:20:00+05:30,5569.5,5569.5,5534.0,5539.5,18447
2026-02-06 09:25:00+05:30,5538.5,5547.5,5521.0,5521.0,8737
2026-02-06 09:30:00+05:30,5522.0,5533.0,5510.0,5529.5,20146
2026-02-06 09:35:00+05:30,5532.5,5542.5,5529.0,5535.5,6916
2026-02-06 09:40:00+05:30,5538.5,5541.0,5527.5,5537.5,6678
2026-02-06 09:45:00+05:30,5537.0,5562.5,5531.0,5531.0,6706
2026-02-06 09:50:00+05:30,5534.5,5534.5,5516.5,5526.5,5228
2026-02-06 09:55:00+05:30,5532.0,5548.5,5527.0,5548.5,4599
2026-02-06 10:00:00+05:30,5551.5,5553.5,5539.5,5550.5,2964
2026-02-06 10:05:00+05:30,5550.5,5559.0,5545.0,5548.5,2475
2026-02-06 10:10:00+05:30,5550.5,5551.5,5542.0,5551.5,2450
2026-02-06 10:15:00+05:30,5551.5,5576.5,5550.5,5572.5,9962
2026-02-06 10:20:00+05:30,5570.0,5579.5,5570.0,5575.0,4910
2026-02-06 10:25:00+05:30,5573.0,5575.0,5556.5,5558.5,2353
2026-02-06 10:30:00+05:30,5557.0,5562.0,5550.0,5551.0,1999
2026-02-06 10:35:00+05:30,5551.0,5554.5,5550.0,5550.0,1596
2026-02-06 10:40:00+05:30,5551.5,5555.5,5542.5,5547.0,2079
2026-02-06 10:45:00+05:30,5551.0,5551.0,5524.5,5527.0,4747
2026-02-06 10:50:00+05:30,5529.0,5529.0,5520.0,5524.0,6008
2026-02-06 10:55:00+05:30,5525.0,5534.5,5521.5,5532.0,5207
2026-02-06 11:00:00+05:30,5531.0,5535.0,5525.5,5531.0,4703
2026-02-06 11:05:00+05:30,5530.0,5531.5,5517.0,5519.0,4850
2026-02-06 11:10:00+05:30,5518.0,5525.0,5515.0,5523.5,5952
2026-02-06 11:15:00+05:30,5526.5,5526.5,5514.5,5518.5,3671
2026-02-06 11:20:00+05:30,5518.5,5525.0,5510.0,5518.5,16790
2026-02-06 11:25:00+05:30,5512.0,5521.0,5506.0,5518.5,13369
2026-02-06 11:30:00+05:30,5517.5,5517.5,5501.5,5503.0,6460
2026-02-06 11:35:00+05:30,5502.5,5519.0,5501.0,5517.5,13387
2026-02-06 11:40:00+05:30,5517.0,5527.0,5516.5,5527.0,7010
2026-02-06 11:45:00+05:30,5530.0,5535.0,5521.5,5530.0,3996
2026-02-06 11:50:00+05:30,5530.0,5533.0,5529.5,5532.0,5461
2026-02-06 11:55:00+05:30,5531.0,5535.0,5529.5,5533.5,4742
2026-02-06 12:00:00+05:30,5533.0,5545.0,5532.0,5534.5,3453
2026-02-06 12:05:00+05:30,5532.0,5535.0,5520.5,5522.0,5895
2026-02-06 12:10:00+05:30,5523.5,5530.0,5521.0,5526.5,2614
2026-02-06 12:15:00+05:30,5526.5,5540.0,5525.0,5540.0,2583
2026-02-06 12:20:00+05:30,5538.5,5540.0,5531.5,5533.0,1262
2026-02-06 12:25:00+05:30,5533.0,5535.5,5530.0,5534.5,2880
2026-02-06 12:30:00+05:30,5532.5,5532.5,5525.0,5529.5,3813
2026-02-06 12:35:00+05:30,5527.5,5538.5,5527.5,5532.0,2199
2026-02-06 12:40:00+05:30,5532.0,5532.0,5527.0,5527.5,12984
2026-02-06 12:45:00+05:30,5525.5,5532.0,5525.5,5530.0,4265
2026-02-06 12:50:00+05:30,5530.0,5532.0,5530.0,5530.0,1327
2026-02-06 12:55:00+05:30,5530.0,5533.0,5530.0,5533.0,1482
2026-02-06 13:00:00+05:30,5531.0,5539.5,5530.0,5539.5,1530
2026-02-06 13:05:00+05:30,5538.0,5540.0,5534.0,5535.0,1177
2026-02-06 13:10:00+05:30,5535.0,5544.5,5535.0,5538.0,2053
2026-02-06 13:15:00+05:30,5539.0,5548.5,5539.0,5547.0,2747
2026-02-06 13:20:00+05:30,5546.5,5559.5,5542.0,5556.5,7439
2026-02-06 13:25:00+05:30,5554.0,5555.5,5553.5,5554.5,200
2026-02-06 13:30:00+05:30,5550.0,5554.0,5550.0,5550.0,10322
2026-02-06 13:35:00+05:30,5550.5,5557.0,5550.0,5554.0,1322
2026-02-06 13:40:00+05:30,5557.0,5559.5,5551.0,5554.0,1478
2026-02-06 13:45:00+05:30,5552.0,5560.5,5542.0,5557.5,7600
2026-02-06 13:50:00+05:30,5557.5,5559.5,5553.0,5554.0,1217
2026-02-06 13:55:00+05:30,5554.0,5557.0,5549.0,5553.5,1657
2026-02-06 14:00:00+05:30,5553.5,5555.0,5548.5,5551.0,1283
2026-02-06 14:05:00+05:30,5548.5,5553.0,5546.5,5548.0,1350
2026-02-06 14:10:00+05:30,5548.5,5548.5,5528.5,5535.5,8288
2026-02-06 14:15:00+05:30,5532.0,5535.5,5528.0,5534.5,3631
2026-02-06 14:20:00+05:30,5533.0,5537.0,5532.5,5536.5,1478
2026-02-06 14:25:00+05:30,5535.0,5545.0,5533.0,5542.0,3502
2026-02-06 14:30:00+05:30,5540.0,5545.0,5533.5,5545.0,2996
2026-02-06 14:35:00+05:30,5545.0,5548.5,5543.0,5545.0,2874
2026-02-06 14:40:00+05:30,5545.0,5549.5,5542.5,5545.0,2462
2026-02-06 14:45:00+05:30,5545.0,5555.5,5544.5,5555.5,4795
2026-02-06 14:50:00+05:30,5554.0,5559.0,5552.0,5555.5,3533
2026-02-06 14:55:00+05:30,5555.0,5563.0,5554.5,5558.5,4368
2026-02-06 15:00:00+05:30,5559.5,5564.0,5555.0,5563.0,6799
2026-02-06 15:05:00+05:30,5564.0,5572.5,5561.0,5570.5,6404
2026-02-06 15:10:00+05:30,5568.5,5570.0,5560.0,5564.5,3535
2026-02-06 15:15:00+05:30,5563.0,5568.5,5561.5,5562.0,5120
2026-02-06 15:20:00+05:30,5562.5,5565.0,5553.0,5562.0,6696
2026-02-06 15:25:00+05:30,5562.0,5563.0,5552.5,5552.5,4768
2026-02-09 09:15:00+05:30,5589.5,5658.5,5589.5,5624.0,0
2026-02-09 09:20:00+05:30,5622.0,5623.0,5596.5,5600.0,3797
2026-02-09 09:25:00+05:30,5600.0,5604.0,5591.0,5595.0,3577
2026-02-09 09:30:00+05:30,5598.5,5598.5,5587.0,5593.5,1981
2026-02-09 09:35:00+05:30,5592.5,5593.0,5575.5,5587.0,1168
2026-02-09 09:40:00+05:30,5583.5,5591.0,5581.0,5581.0,2015
2026-02-09 09:45:00+05:30,5583.5,5589.0,5582.0,5589.0,493
2026-02-09 09:50:00+05:30,5586.0,5587.5,5575.0,5575.0,1323
2026-02-09 09:55:00+05:30,5577.0,5584.0,5575.0,5579.0,706
2026-02-09 10:00:00+05:30,5579.0,5587.0,5578.0,5578.5,987
2026-02-09 10:05:00+05:30,5579.5,5583.0,5577.0,5578.0,383
2026-02-09 10:10:00+05:30,5578.0,5578.5,5574.0,5575.0,739
2026-02-09 10:15:00+05:30,5576.5,5579.0,5568.5,5568.5,675
2026-02-09 10:20:00+05:30,5568.5,5571.0,5566.0,5566.5,806
2026-02-09 10:25:00+05:30,5566.5,5570.0,5565.0,5568.5,1176
2026-02-09 10:30:00+05:30,5568.5,5591.0,5566.5,5585.5,3978
2026-02-09 10:35:00+05:30,5583.5,5590.0,5583.5,5587.0,2817
2026-02-09 10:40:00+05:30,5587.0,5588.0,5582.0,5586.0,603
2026-02-09 10:45:00+05:30,5586.0,5589.5,5585.0,5588.0,408
2026-02-09 10:50:00+05:30,5585.5,5590.0,5585.5,5590.0,309
2026-02-09 10:55:00+05:30,5589.5,5600.0,5589.0,5600.0,2901
2026-02-09 11:00:00+05:30,5600.0,5600.0,5595.0,5600.0,1336
2026-02-09 11:05:00+05:30,5600.0,5600.0,5592.0,5592.0,1505
2026-02-09 11:10:00+05:30,5593.5,5613.0,5591.5,5605.0,2738
2026-02-09 11:15:00+05:30,5610.0,5613.0,5605.0,5612.0,1445
2026-02-09 11:20:00+05:30,5609.0,5612.5,5605.5,5612.5,1056
2026-02-09 11:25:00+05:30,5612.5,5613.0,5609.5,5612.5,672
2026-02-09 11:30:00+05:30,5612.5,5628.0,5608.0,5626.5,10675
2026-02-09 11:35:00+05:30,5626.5,5645.0,5626.5,5642.5,4014
2026-02-09 11:40:00+05:30,5643.0,5643.0,5628.0,5628.0,1971
2026-02-09 11:45:00+05:30,5630.5,5635.0,5628.0,5630.0,2659
2026-02-09 11:50:00+05:30,5628.5,5630.5,5625.5,5627.0,1487
2026-02-09 11:55:00+05:30,5627.0,5629.0,5622.0,5625.0,6459
2026-02-09 12:00:00+05:30,5625.0,5633.0,5625.0,5629.0,938
2026-02-09 12:05:00+05:30,5630.0,5634.0,5628.0,5630.0,891
2026-02-09 12:10:00+05:30,5632.5,5638.5,5630.5,5635.0,535
2026-02-09 12:15:00+05:30,5636.0,5640.5,5630.0,5630.0,1388
2026-02-09 12:20:00+05:30,5630.0,5637.5,5630.0,5633.5,823
2026-02-09 12:25:00+05:30,5632.0,5639.5,5631.0,5635.0,1119
2026-02-09 12:30:00+05:30,5633.5,5633.5,5625.0,5626.5,1052
2026-02-09 12:35:00+05:30,5629.0,5633.0,5626.5,5630.0,1113
2026-02-09 12:40:00+05:30,5630.0,5630.0,5627.0,5627.0,882
2026-02-09 12:45:00+05:30,5629.0,5629.5,5625.0,5628.0,919
2026-02-09 12:50:00+05:30,5630.0,5633.0,5627.0,5629.5,1810
2026-02-09 12:55:00+05:30,5631.5,5631.5,5627.5,5627.5,687
2026-02-09 13:00:00+05:30,5629.5,5632.5,5626.5,5629.0,597
2026-02-09 13:05:00+05:30,5632.5,5635.0,5629.5,5632.0,714
2026-02-09 13:10:00+05:30,5632.0,5635.0,5631.0,5635.0,1037
2026-02-09 13:15:00+05:30,5635.0,5639.5,5633.5,5639.0,1341
2026-02-09 13:20:00+05:30,5639.0,5640.0,5633.5,5633.5,1097
2026-02-09 13:25:00+05:30,5632.0,5637.0,5630.5,5632.0,1181
2026-02-09 13:30:00+05:30,5632.0,5638.0,5630.5,5638.0,1085
2026-02-09 13:35:00+05:30,5638.0,5641.0,5636.0,5641.0,814
2026-02-09 13:40:00+05:30,5640.0,5643.0,5638.0,5641.5,1268
2026-02-09 13:45:00+05:30,5641.5,5643.0,5635.5,5635.5,1070
2026-02-09 13:50:00+05:30,5638.0,5640.0,5634.0,5636.0,1071
2026-02-09 13:55:00+05:30,5635.5,5636.5,5633.0,5636.5,741
2026-02-09 14:00:00+05:30,5635.0,5636.5,5633.0,5633.0,1289
2026-02-09 14:05:00+05:30,5633.0,5636.0,5627.5,5635.5,932
2026-02-09 14:10:00+05:30,5635.5,5635.5,5625.0,5627.0,1043
2026-02-09 14:15:00+05:30,5629.0,5634.0,5626.0,5633.0,925
2026-02-09 14:20:00+05:30,5633.0,5636.0,5629.5,5633.0,1031
2026-02-09 14:25:00+05:30,5632.5,5633.5,5626.5,5628.0,1080
2026-02-09 14:30:00+05:30,5628.5,5630.5,5625.0,5628.5,1355
2026-02-09 14:35:00+05:30,5625.5,5632.0,5625.5,5631.0,874
2026-02-09 14:40:00+05:30,5631.0,5632.0,5627.0,5629.5,1342
2026-02-09 14:45:00+05:30,5629.0,5632.0,5626.5,5630.0,1283
2026-02-09 14:50:00+05:30,5630.0,5631.5,5625.0,5626.0,1698
2026-02-09 14:55:00+05:30,5626.0,5628.5,5623.0,5627.5,1910
2026-02-09 15:00:00+05:30,5629.0,5632.0,5624.5,5631.0,3169
2026-02-09 15:05:00+05:30,5632.0,5632.5,5626.0,5626.0,5410
2026-02-09 15:10:00+05:30,5628.5,5628.5,5619.0,5619.5,6286
2026-02-09 15:15:00+05:30,5622.0,5629.0,5620.5,5625.0,5733
2026-02-09 15:20:00+05:30,5625.0,5628.0,5625.0,5627.0,5215
2026-02-09 15:25:00+05:30,5627.0,5632.0,5625.0,5629.5,3602
2026-02-10 09:15:00+05:30,5609.0,5614.0,5586.0,5611.5,0
2026-02-10 09:20:00+05:30,5612.5,5613.0,5600.5,5612.0,3957
2026-02-10 09:25:00+05:30,5620.0,5620.0,5610.0,5618.0,1948
2026-02-10 09:30:00+05:30,5613.0,5617.0,5600.5,5606.5,4224
2026-02-10 09:35:00+05:30,5604.5,5620.0,5604.5,5610.0,3409
2026-02-10 09:40:00+05:30,5610.0,5649.0,5610.0,5639.0,8140
2026-02-10 09:45:00+05:30,5640.5,5658.5,5638.0,5657.0,5962
2026-02-10 09:50:00+05:30,5654.5,5655.5,5650.5,5653.0,3684
2026-02-10 09:55:00+05:30,5654.5,5655.0,5647.5,5647.5,2068
2026-02-10 10:00:00+05:30,5647.0,5657.0,5647.0,5656.5,2357
2026-02-10 10:05:00+05:30,5656.5,5675.0,5654.5,5656.0,10764
2026-02-10 10:10:00+05:30,5655.0,5656.0,5645.0,5648.0,3916
2026-02-10 10:15:00+05:30,5646.5,5670.0,5646.5,5658.0,3211
2026-02-10 10:20:00+05:30,5660.0,5662.5,5652.0,5655.5,2489
2026-02-10 10:25:00+05:30,5657.0,5658.0,5650.0,5656.0,2666
2026-02-10 10:30:00+05:30,5652.0,5661.5,5650.0,5659.0,1604
2026-02-10 10:35:00+05:30,5661.0,5665.5,5658.0,5665.0,2459
2026-02-10 10:40:00+05:30,5665.0,5665.0,5651.0,5651.0,1883
2026-02-10 10:45:00+05:30,5649.0,5673.0,5649.0,5664.5,4364
2026-02-10 10:50:00+05:30,5666.0,5667.0,5654.0,5657.0,2589
2026-02-10 10:55:00+05:30,5656.0,5659.0,5649.0,5649.0,2038
2026-02-10 11:00:00+05:30,5646.0,5655.0,5646.0,5654.0,1588
2026-02-10 11:05:00+05:30,5651.0,5654.0,5647.5,5653.5,1649
2026-02-10 11:10:00+05:30,5650.0,5662.0,5650.0,5658.5,1740
2026-02-10 11:15:00+05:30,5656.5,5673.0,5656.5,5667.0,4959
2026-02-10 11:20:00+05:30,5667.0,5667.0,5655.5,5655.5,2917
2026-02-10 11:25:00+05:30,5657.0,5657.0,5650.5,5653.0,1880
2026-02-10 11:30:00+05:30,5653.0,5657.0,5649.0,5656.5,1564
2026-02-10 11:35:00+05:30,5656.0,5656.0,5645.0,5653.0,1461
2026-02-10 11:40:00+05:30,5653.5,5654.0,5647.5,5653.5,1532
2026-02-10 11:45:00+05:30,5653.5,5667.0,5651.0,5666.5,5622
2026-02-10 11:50:00+05:30,5666.0,5667.0,5662.0,5664.0,1360
2026-02-10 11:55:00+05:30,5664.0,5669.0,5657.0,5668.0,3187
2026-02-10 12:00:00+05:30,5668.0,5672.0,5666.5,5667.5,2411
2026-02-10 12:05:00+05:30,5665.0,5667.5,5655.5,5659.5,2016
2026-02-10 12:10:00+05:30,5659.5,5660.5,5655.5,5659.0,1327
2026-02-10 12:15:00+05:30,5660.0,5670.0,5660.0,5666.0,2001
2026-02-10 12:20:00+05:30,5665.5,5668.0,5664.5,5665.5,1906
2026-02-10 12:25:00+05:30,5665.0,5670.0,5658.5,5666.0,5176
2026-02-10 12:30:00+05:30,5665.0,5669.5,5663.0,5665.5,5126
2026-02-10 12:35:00+05:30,5668.5,5670.0,5665.0,5666.0,1503
2026-02-10 12:40:00+05:30,5669.0,5670.0,5666.0,5670.0,1431
2026-02-10 12:45:00+05:30,5670.0,5676.0,5667.0,5676.0,3821
2026-02-10 12:50:00+05:30,5675.0,5677.0,5675.0,5675.0,3023
2026-02-10 12:55:00+05:30,5676.5,5680.0,5675.0,5677.0,2051
2026-02-10 13:00:00+05:30,5679.5,5679.5,5666.0,5669.0,10235
2026-02-10 13:05:00+05:30,5671.0,5673.5,5665.0,5665.0,1455
2026-02-10 13:10:00+05:30,5665.0,5671.0,5665.0,5667.5,1982
2026-02-10 13:15:00+05:30,5667.5,5668.5,5658.5,5665.0,9105
2026-02-10 13:20:00+05:30,5665.0,5666.0,5648.0,5651.0,5668
2026-02-10 13:25:00+05:30,5649.5,5653.5,5640.0,5641.0,2440
2026-02-10 13:30:00+05:30,5641.0,5643.0,5636.0,5637.0,2595
2026-02-10 13:35:00+05:30,5638.0,5653.5,5636.0,5652.0,7585
2026-02-10 13:40:00+05:30,5652.5,5657.0,5645.5,5652.5,7557
2026-02-10 13:45:00+05:30,5652.5,5656.0,5648.0,5656.0,2209
2026-02-10 13:50:00+05:30,5655.0,5669.0,5652.0,5666.5,5500
2026-02-10 13:55:00+05:30,5666.5,5666.5,5655.0,5655.5,3463
2026-02-10 14:00:00+05:30,5657.5,5664.5,5655.0,5655.0,8545
2026-02-10 14:05:00+05:30,5656.0,5663.5,5651.0,5655.5,5456
2026-02-10 14:10:00+05:30,5655.5,5666.0,5654.0,5655.0,9326
2026-02-10 14:15:00+05:30,5655.0,5662.0,5652.5,5662.0,3861
2026-02-10 14:20:00+05:30,5660.0,5661.5,5653.5,5655.0,2646
2026-02-10 14:25:00+05:30,5653.5,5656.0,5649.0,5651.0,4661
2026-02-10 14:30:00+05:30,5655.5,5661.0,5653.0,5658.0,1496
2026-02-10 14:35:00+05:30,5655.5,5656.5,5651.0,5651.5,2707
2026-02-10 14:40:00+05:30,5654.0,5657.5,5650.0,5657.5,4084
2026-02-10 14:45:00+05:30,5658.0,5661.0,5655.0,5661.0,3455
2026-02-10 14:50:00+05:30,5658.0,5661.0,5655.5,5658.0,2336
2026-02-10 14:55:00+05:30,5659.5,5668.0,5656.0,5668.0,5107
2026-02-10 15:00:00+05:30,5666.5,5675.0,5666.5,5668.0,6387
2026-02-10 15:05:00+05:30,5667.0,5670.0,5665.0,5666.5,4539
2026-02-10 15:10:00+05:30,5668.5,5668.5,5658.0,5661.0,19152
2026-02-10 15:15:00+05:30,5660.5,5662.5,5656.5,5660.5,7500
2026-02-10 15:20:00+05:30,5660.0,5661.5,5656.5,5657.0,11158
2026-02-10 15:25:00+05:30,5660.5,5663.0,5635.0,5662.0,4599
2026-02-11 09:15:00+05:30,5658.0,5684.5,5658.0,5677.5,0
2026-02-11 09:20:00+05:30,5677.0,5678.0,5668.0,5668.5,2150
2026-02-11 09:25:00+05:30,5668.0,5675.0,5659.5,5660.5,1364
2026-02-11 09:30:00+05:30,5660.5,5665.5,5656.0,5657.5,1084
2026-02-11 09:35:00+05:30,5655.5,5656.0,5649.5,5649.5,4581
2026-02-11 09:40:00+05:30,5645.5,5648.5,5635.0,5637.0,1051
2026-02-11 09:45:00+05:30,5637.0,5639.0,5630.0,5630.0,2144
2026-02-11 09:50:00+05:30,5627.5,5629.5,5622.0,5628.5,1483
2026-02-11 09:55:00+05:30,5626.0,5639.0,5626.0,5636.0,976
2026-02-11 10:00:00+05:30,5633.0,5636.0,5626.5,5627.5,1288
2026-02-11 10:05:00+05:30,5626.0,5626.5,5610.0,5618.0,2546
2026-02-11 10:10:00+05:30,5619.0,5631.0,5614.5,5615.5,1429
2026-02-11 10:15:00+05:30,5616.0,5632.0,5614.5,5630.0,915
2026-02-11 10:20:00+05:30,5627.5,5635.0,5626.5,5632.5,956
2026-02-11 10:25:00+05:30,5632.5,5633.0,5623.0,5627.0,363
2026-02-11 10:30:00+05:30,5624.5,5630.0,5624.5,5627.0,535
2026-02-11 10:35:00+05:30,5627.0,5633.0,5622.5,5633.0,2096
2026-02-11 10:40:00+05:30,5631.0,5634.5,5628.5,5630.5,816
2026-02-11 10:45:00+05:30,5631.5,5636.0,5627.0,5635.5,555
2026-02-11 10:50:00+05:30,5636.0,5636.0,5632.0,5632.0,1074
2026-02-11 10:55:00+05:30,5630.0,5631.5,5624.0,5627.5,678
2026-02-11 11:00:00+05:30,5627.5,5635.0,5625.0,5632.5,1325
2026-02-11 11:05:00+05:30,5630.5,5636.0,5622.0,5622.0,763
2026-02-11 11:10:00+05:30,5622.5,5637.5,5621.5,5635.0,2718
2026-02-11 11:15:00+05:30,5637.0,5639.5,5630.5,5635.0,631
2026-02-11 11:20:00+05:30,5637.0,5642.0,5631.5,5635.5,10115
2026-02-11 11:25:00+05:30,5634.0,5640.5,5634.0,5635.5,972
2026-02-11 11:30:00+05:30,5635.5,5652.5,5635.0,5647.0,2854
2026-02-11 11:35:00+05:30,5649.0,5649.0,5637.5,5638.5,1045
2026-02-11 11:40:00+05:30,5639.0,5640.0,5635.0,5638.5,2092
2026-02-11 11:45:00+05:30,5638.5,5645.0,5635.5,5638.5,1496
2026-02-11 11:50:00+05:30,5637.5,5647.5,5635.0,5647.5,1755
2026-02-11 11:55:00+05:30,5645.0,5647.5,5636.5,5636.5,9080
2026-02-11 12:00:00+05:30,5635.0,5636.0,5619.0,5620.0,10143
2026-02-11 12:05:00+05:30,5619.0,5622.5,5609.5,5609.5,2482
2026-02-11 12:10:00+05:30,5611.5,5611.5,5600.0,5602.0,2789
2026-02-11 12:15:00+05:30,5602.0,5602.0,5591.0,5591.0,1437
2026-02-11 12:20:00+05:30,5590.0,5593.0,5583.0,5585.0,2552
2026-02-11 12:25:00+05:30,5585.0,5601.5,5583.5,5594.5,8716
2026-02-11 12:30:00+05:30,5594.0,5599.5,5593.0,5594.0,1364
2026-02-11 12:35:00+05:30,5594.0,5594.5,5577.5,5579.5,3299
2026-02-11 12:40:00+05:30,5580.0,5599.0,5578.0,5595.0,7364
2026-02-11 12:45:00+05:30,5594.0,5595.0,5580.0,5588.0,6337
2026-02-11 12:50:00+05:30,5586.5,5592.5,5582.0,5592.0,792
2026-02-11 12:55:00+05:30,5590.0,5598.0,5587.5,5598.0,1845
2026-02-11 13:00:00+05:30,5595.0,5597.5,5584.0,5584.0,1323
2026-02-11 13:05:00+05:30,5582.5,5589.0,5580.0,5586.5,1474
2026-02-11 13:10:00+05:30,5586.5,5590.5,5577.0,5584.0,2690
2026-02-11 13:15:00+05:30,5581.5,5585.0,5573.0,5581.0,2716
2026-02-11 13:20:00+05:30,5582.5,5588.0,5580.5,5586.0,1304
2026-02-11 13:25:00+05:30,5585.0,5596.5,5583.5,5596.0,1370
2026-02-11 13:30:00+05:30,5594.0,5598.0,5591.5,5594.0,1070
2026-02-11 13:35:00+05:30,5592.0,5594.0,5589.0,5589.0,948
2026-02-11 13:40:00+05:30,5590.0,5597.5,5588.0,5591.5,2837
2026-02-11 13:45:00+05:30,5588.0,5590.0,5578.0,5578.0,2157
2026-02-11 13:50:00+05:30,5577.0,5579.0,5563.5,5567.5,5999
2026-02-11 13:55:00+05:30,5566.0,5572.5,5565.0,5571.5,1097
2026-02-11 14:00:00+05:30,5570.0,5572.5,5566.0,5569.5,1235
2026-02-11 14:05:00+05:30,5569.0,5570.0,5548.5,5555.5,7528
2026-02-11 14:10:00+05:30,5558.5,5562.0,5550.0,5558.5,4362
2026-02-11 14:15:00+05:30,5557.0,5558.0,5546.5,5554.5,2054
2026-02-11 14:20:00+05:30,5553.0,5556.0,5535.0,5543.0,3146
2026-02-11 14:25:00+05:30,5541.5,5544.0,5538.0,5539.0,1659
2026-02-11 14:30:00+05:30,5539.0,5548.5,5538.5,5545.5,866
2026-02-11 14:35:00+05:30,5546.5,5549.0,5528.0,5531.0,6546
2026-02-11 14:40:00+05:30,5531.0,5539.5,5523.0,5539.5,9408
2026-02-11 14:45:00+05:30,5537.5,5540.0,5522.0,5526.5,11478
2026-02-11 14:50:00+05:30,5530.5,5534.0,5523.0,5530.5,6996
2026-02-11 14:55:00+05:30,5530.0,5537.0,5525.0,5527.0,8154
2026-02-11 15:00:00+05:30,5533.0,5542.0,5518.0,5520.0,14926
2026-02-11 15:05:00+05:30,5521.5,5521.5,5512.5,5516.0,7915
2026-02-11 15:10:00+05:30,5517.0,5518.5,5505.5,5509.5,11096
2026-02-11 15:15:00+05:30,5510.5,5520.0,5510.5,5518.5,10958
2026-02-11 15:20:00+05:30,5517.5,5517.5,5501.5,5504.5,12339
2026-02-11 15:25:00+05:30,5503.5,5506.0,5499.0,5499.0,5648
2026-02-12 09:15:00+05:30,5392.0,5420.0,5360.5,5378.0,0
2026-02-12 09:20:00+05:30,5375.0,5377.5,5310.0,5334.0,17275
2026-02-12 09:25:00+05:30,5334.0,5334.5,5300.0,5300.5,11660
2026-02-12 09:30:00+05:30,5300.5,5303.0,5271.5,5274.5,12315
2026-02-12 09:35:00+05:30,5274.0,5290.5,5262.5,5287.0,11177
2026-02-12 09:40:00+05:30,5286.5,5287.0,5272.0,5282.0,8084
2026-02-12 09:45:00+05:30,5280.0,5303.0,5252.0,5302.0,13395
2026-02-12 09:50:00+05:30,5305.0,5310.0,5280.0,5285.5,8420
2026-02-12 09:55:00+05:30,5286.0,5290.0,5273.0,5275.0,3579
2026-02-12 10:00:00+05:30,5275.0,5283.5,5261.5,5279.0,18855
2026-02-12 10:05:00+05:30,5278.0,5283.5,5261.0,5265.5,6791
2026-02-12 10:10:00+05:30,5262.0,5287.0,5260.0,5279.5,8091
2026-02-12 10:15:00+05:30,5278.5,5282.0,5262.0,5269.0,5163
2026-02-12 10:20:00+05:30,5269.0,5269.0,5251.0,5255.0,9975
2026-02-12 10:25:00+05:30,5255.0,5257.5,5235.0,5237.0,16366
2026-02-12 10:30:00+05:30,5237.0,5255.5,5231.0,5250.5,12308
2026-02-12 10:35:00+05:30,5252.5,5255.0,5235.5,5246.0,5941
2026-02-12 10:40:00+05:30,5243.0,5255.0,5238.0,5249.5,3769
2026-02-12 10:45:00+05:30,5249.0,5258.0,5240.0,5257.0,6574
2026-02-12 10:50:00+05:30,5255.5,5257.0,5239.5,5247.0,5053
2026-02-12 10:55:00+05:30,5247.0,5250.0,5242.5,5247.5,3647
2026-02-12 11:00:00+05:30,5245.5,5246.0,5223.0,5229.0,16049
2026-02-12 11:05:00+05:30,5228.0,5233.5,5220.5,5227.5,7930
2026-02-12 11:10:00+05:30,5227.5,5229.5,5216.0,5219.5,9602
2026-02-12 11:15:00+05:30,5219.5,5233.5,5211.0,5215.0,16082
2026-02-12 11:20:00+05:30,5215.0,5225.5,5206.5,5222.0,8518
2026-02-12 11:25:00+05:30,5222.0,5228.0,5220.5,5221.5,2591
2026-02-12 11:30:00+05:30,5223.0,5223.0,5215.0,5222.0,3565
2026-02-12 11:35:00+05:30,5222.0,5240.0,5219.0,5238.5,6167
2026-02-12 11:40:00+05:30,5238.5,5243.5,5234.0,5243.5,5989
2026-02-12 11:45:00+05:30,5258.0,5265.0,5244.5,5246.0,9523
2026-02-12 11:50:00+05:30,5245.0,5245.5,5238.0,5239.0,3441
2026-02-12 11:55:00+05:30,5239.0,5240.0,5232.0,5236.0,3205
2026-02-12 12:00:00+05:30,5236.0,5236.0,5222.0,5222.5,6328
2026-02-12 12:05:00+05:30,5222.5,5230.0,5222.0,5227.0,4955
2026-02-12 12:10:00+05:30,5227.0,5235.0,5227.0,5227.5,3263
2026-02-12 12:15:00+05:30,5231.5,5248.0,5228.0,5241.0,4620
2026-02-12 12:20:00+05:30,5241.0,5243.0,5229.5,5229.5,3529
2026-02-12 12:25:00+05:30,5229.5,5230.0,5225.5,5227.5,2986
2026-02-12 12:30:00+05:30,5227.5,5229.0,5222.0,5222.5,3053
2026-02-12 12:35:00+05:30,5222.5,5225.5,5222.0,5225.5,2914
2026-02-12 12:40:00+05:30,5226.0,5228.5,5223.0,5223.0,2426
2026-02-12 12:45:00+05:30,5226.5,5227.5,5222.0,5225.5,2655
2026-02-12 12:50:00+05:30,5226.0,5228.5,5222.0,5227.0,2814
2026-02-12 12:55:00+05:30,5226.5,5227.0,5222.0,5222.0,2711
2026-02-12 13:00:00+05:30,5224.0,5227.0,5215.0,5217.5,11082
2026-02-12 13:05:00+05:30,5215.0,5217.5,5208.0,5212.5,6900
2026-02-12 13:10:00+05:30,5212.5,5224.5,5208.5,5223.5,7076
2026-02-12 13:15:00+05:30,5224.0,5238.5,5220.0,5228.5,5692
2026-02-12 13:20:00+05:30,5228.5,5228.5,5221.5,5223.5,4391
2026-02-12 13:25:00+05:30,5223.5,5237.0,5220.5,5227.0,9066
2026-02-12 13:30:00+05:30,5227.0,5231.0,5219.5,5226.0,7770
2026-02-12 13:35:00+05:30,5223.0,5229.5,5223.0,5226.0,3135
2026-02-12 13:40:00+05:30,5226.0,5227.0,5213.5,5217.0,4252
2026-02-12 13:45:00+05:30,5217.0,5217.0,5210.0,5214.5,2920
2026-02-12 13:50:00+05:30,5214.0,5214.0,5207.5,5210.5,4445
2026-02-12 13:55:00+05:30,5210.5,5223.0,5207.5,5218.0,12723
2026-02-12 14:00:00+05:30,5218.5,5219.5,5209.0,5215.0,3813
2026-02-12 14:05:00+05:30,5215.0,5216.0,5205.0,5210.0,6055
2026-02-12 14:10:00+05:30,5210.0,5210.0,5200.5,5204.0,6406
2026-02-12 14:15:00+05:30,5201.5,5204.5,5200.0,5201.5,3093
2026-02-12 14:20:00+05:30,5201.5,5215.0,5200.0,5212.0,4418
2026-02-12 14:25:00+05:30,5212.0,5215.0,5206.0,5209.0,3528
2026-02-12 14:30:00+05:30,5209.0,5210.0,5204.0,5210.0,2459
2026-02-12 14:35:00+05:30,5210.0,5214.0,5200.0,5214.0,10639
2026-02-12 14:40:00+05:30,5212.5,5240.0,5212.5,5238.5,20298
2026-02-12 14:45:00+05:30,5236.5,5237.0,5219.5,5221.5,7881
2026-02-12 14:50:00+05:30,5224.0,5227.5,5215.0,5221.5,10342
2026-02-12 14:55:00+05:30,5224.0,5231.5,5221.5,5229.5,9474
2026-02-12 15:00:00+05:30,5229.5,5234.0,5220.0,5233.5,15863
2026-02-12 15:05:00+05:30,5233.0,5235.5,5218.5,5220.5,19221
2026-02-12 15:10:00+05:30,5218.5,5222.5,5210.5,5212.0,18418
2026-02-12 15:15:00+05:30,5212.5,5213.5,5201.0,5201.0,18329
2026-02-12 15:20:00+05:30,5206.5,5207.0,5189.0,5189.0,19148
2026-02-12 15:25:00+05:30,5193.5,5211.5,5181.5,5211.5,14185
2026-02-13 09:15:00+05:30,5040.5,5068.0,5004.5,5020.5,0
2026-02-13 09:20:00+05:30,5019.0,5026.5,4988.0,5020.0,29240
2026-02-13 09:25:00+05:30,5020.5,5052.5,5010.0,5047.0,30185
2026-02-13 09:30:00+05:30,5047.0,5059.0,5032.0,5040.0,18981
2026-02-13 09:35:00+05:30,5035.0,5039.0,5002.0,5002.0,15648
2026-02-13 09:40:00+05:30,5002.0,5047.0,5001.5,5047.0,11022
2026-02-13 09:45:00+05:30,5046.5,5046.5,5023.5,5023.5,8324
2026-02-13 09:50:00+05:30,5023.5,5040.0,5016.0,5031.5,7185
2026-02-13 09:55:00+05:30,5030.0,5033.5,5006.5,5006.5,5876
2026-02-13 10:00:00+05:30,5006.5,5023.5,5005.0,5013.0,9770
2026-02-13 10:05:00+05:30,5011.0,5015.5,5001.5,5015.5,4596
2026-02-13 10:10:00+05:30,5003.0,5011.0,4996.0,5005.0,9271
2026-02-13 10:15:00+05:30,5006.5,5017.0,5000.0,5003.5,5003
2026-02-13 10:20:00+05:30,5003.5,5054.0,5002.5,5054.0,10527
2026-02-13 10:25:00+05:30,5053.0,5067.5,5039.0,5053.0,9361
2026-02-13 10:30:00+05:30,5051.0,5074.5,5051.0,5074.0,12735
2026-02-13 10:35:00+05:30,5072.5,5096.0,5072.0,5090.5,16770
2026-02-13 10:40:00+05:30,5090.5,5104.0,5084.5,5099.5,10785
2026-02-13 10:45:00+05:30,5097.0,5097.0,5083.0,5087.0,8391
2026-02-13 10:50:00+05:30,5090.0,5095.0,5084.0,5093.0,11607
2026-02-13 10:55:00+05:30,5095.0,5101.5,5094.0,5096.0,27550
2026-02-13 11:00:00+05:30,5097.0,5100.0,5068.0,5072.5,14367
2026-02-13 11:05:00+05:30,5071.0,5077.0,5065.0,5070.0,5564
2026-02-13 11:10:00+05:30,5070.0,5109.5,5068.0,5108.0,8539
2026-02-13 11:15:00+05:30,5108.5,5111.0,5092.0,5098.0,3450
2026-02-13 11:20:00+05:30,5098.0,5103.0,5089.0,5099.5,4025
2026-02-13 11:25:00+05:30,5099.0,5112.0,5096.5,5106.5,6493
2026-02-13 11:30:00+05:30,5107.5,5107.5,5094.0,5094.0,2863
2026-02-13 11:35:00+05:30,5095.5,5112.0,5091.0,5112.0,4193
2026-02-13 11:40:00+05:30,5110.0,5117.5,5102.0,5116.0,7243
2026-02-13 11:45:00+05:30,5113.5,5121.0,5108.5,5117.5,7950
2026-02-13 11:50:00+05:30,5120.0,5130.5,5115.5,5122.5,9247
2026-02-13 11:55:00+05:30,5120.0,5128.5,5117.0,5124.0,5384
2026-02-13 12:00:00+05:30,5124.0,5128.0,5118.0,5125.0,2109
2026-02-13 12:05:00+05:30,5123.0,5159.0,5123.0,5154.5,9224
2026-02-13 12:10:00+05:30,5155.5,5177.5,5144.0,5148.5,10829
2026-02-13 12:15:00+05:30,5147.5,5153.5,5117.5,5132.5,6364
2026-02-13 12:20:00+05:30,5131.5,5145.5,5120.5,5139.5,5973
2026-02-13 12:25:00+05:30,5139.5,5149.0,5137.0,5138.0,4363
2026-02-13 12:30:00+05:30,5137.0,5143.5,5133.5,5139.5,5137
2026-02-13 12:35:00+05:30,5140.5,5141.0,5128.5,5138.5,4675
2026-02-13 12:40:00+05:30,5137.5,5138.5,5127.5,5135.0,2010
2026-02-13 12:45:00+05:30,5132.5,5150.0,5131.0,5131.0,2408
2026-02-13 12:50:00+05:30,5129.0,5134.5,5122.5,5127.5,2678
2026-02-13 12:55:00+05:30,5127.0,5127.0,5117.5,5121.0,3745
2026-02-13 13:00:00+05:30,5121.0,5132.0,5119.0,5128.0,6210
2026-02-13 13:05:00+05:30,5129.0,5132.0,5120.0,5124.5,6519
2026-02-13 13:10:00+05:30,5124.0,5145.5,5123.5,5145.0,5401
2026-02-13 13:15:00+05:30,5145.0,5157.0,5136.5,5139.0,12928
2026-02-13 13:20:00+05:30,5138.5,5140.0,5128.5,5129.5,1207
2026-02-13 13:25:00+05:30,5130.0,5135.0,5126.5,5129.0,2887
2026-02-13 13:30:00+05:30,5130.5,5134.0,5119.0,5119.0,4459
2026-02-13 13:35:00+05:30,5122.5,5130.0,5120.0,5127.5,8091
2026-02-13 13:40:00+05:30,5128.0,5130.0,5120.0,5122.0,3919
2026-02-13 13:45:00+05:30,5120.0,5124.5,5118.5,5124.5,10941
2026-02-13 13:50:00+05:30,5121.0,5133.5,5119.0,5133.5,2423
2026-02-13 13:55:00+05:30,5134.0,5139.5,5122.5,5138.0,3381
2026-02-13 14:00:00+05:30,5138.0,5143.0,5129.5,5139.0,3565
2026-02-13 14:05:00+05:30,5138.0,5142.0,5127.0,5130.5,2667
2026-02-13 14:10:00+05:30,5132.0,5136.0,5128.0,5135.5,1543
2026-02-13 14:15:00+05:30,5135.5,5158.5,5134.0,5143.0,6029
2026-02-13 14:20:00+05:30,5145.5,5146.5,5134.5,5143.0,3310
2026-02-13 14:25:00+05:30,5146.0,5160.0,5146.0,5158.5,7707
2026-02-13 14:30:00+05:30,5157.0,5164.5,5154.0,5157.5,18146
2026-02-13 14:35:00+05:30,5157.0,5169.0,5155.0,5168.5,6350
2026-02-13 14:40:00+05:30,5166.5,5167.5,5152.0,5157.0,8218
2026-02-13 14:45:00+05:30,5161.5,5161.5,5144.5,5146.0,3803
2026-02-13 14:50:00+05:30,5146.0,5148.5,5135.5,5142.5,7094
2026-02-13 14:55:00+05:30,5142.5,5145.0,5138.0,5144.0,3705
2026-02-13 15:00:00+05:30,5144.5,5146.5,5125.0,5129.0,8573
2026-02-13 15:05:00+05:30,5129.0,5129.0,5105.5,5113.5,8275
2026-02-13 15:10:00+05:30,5113.5,5119.5,5111.5,5115.5,6677
2026-02-13 15:15:00+05:30,5111.5,5115.0,5107.5,5114.0,12387
2026-02-13 15:20:00+05:30,5115.5,5117.5,5104.0,5110.5,14061
2026-02-13 15:25:00+05:30,5111.0,5124.5,5104.0,5115.5,9170
2026-02-16 09:15:00+05:30,5099.5,5137.5,5099.5,5124.5,0
2026-02-16 09:20:00+05:30,5125.0,5125.0,5103.0,5110.0,5472
2026-02-16 09:25:00+05:30,5109.5,5113.0,5074.5,5075.0,5036
2026-02-16 09:30:00+05:30,5075.0,5118.5,5074.5,5110.5,3363
2026-02-16 09:35:00+05:30,5108.5,5120.0,5108.5,5120.0,5751
2026-02-16 09:40:00+05:30,5124.0,5124.5,5102.5,5118.5,2887
2026-02-16 09:45:00+05:30,5118.0,5118.0,5081.0,5085.5,2407
2026-02-16 09:50:00+05:30,5083.5,5089.0,5074.5,5082.5,7090
2026-02-16 09:55:00+05:30,5083.5,5085.0,5067.5,5085.0,3722
2026-02-16 10:00:00+05:30,5087.5,5128.5,5087.5,5120.5,5541
2026-02-16 10:05:00+05:30,5115.5,5118.5,5090.0,5093.5,1463
2026-02-16 10:10:00+05:30,5095.5,5117.5,5094.5,5101.0,1844
2026-02-16 10:15:00+05:30,5102.5,5104.0,5089.0,5091.0,1394
2026-02-16 10:20:00+05:30,5090.0,5095.0,5083.5,5087.5,1469
2026-02-16 10:25:00+05:30,5082.5,5086.0,5068.0,5070.0,3833
2026-02-16 10:30:00+05:30,5071.5,5079.5,5064.5,5072.0,6876
2026-02-16 10:35:00+05:30,5076.0,5080.0,5067.0,5069.0,1672
2026-02-16 10:40:00+05:30,5069.0,5074.5,5065.0,5073.0,1614
2026-02-16 10:45:00+05:30,5073.5,5078.5,5068.5,5070.0,2057
2026-02-16 10:50:00+05:30,5067.0,5069.5,5060.0,5065.0,1302
2026-02-16 10:55:00+05:30,5062.5,5066.0,5060.0,5064.5,1739
2026-02-16 11:00:00+05:30,5066.0,5068.0,5060.0,5065.0,1697
2026-02-16 11:05:00+05:30,5068.5,5074.5,5067.5,5067.5,1631
2026-02-16 11:10:00+05:30,5067.0,5071.0,5063.5,5071.0,1583
2026-02-16 11:15:00+05:30,5072.0,5075.0,5066.0,5069.5,847
2026-02-16 11:20:00+05:30,5069.5,5081.5,5060.5,5080.0,6097
2026-02-16 11:25:00+05:30,5080.0,5082.0,5069.5,5070.0,1151
2026-02-16 11:30:00+05:30,5069.0,5080.0,5068.5,5079.0,1415
2026-02-16 11:35:00+05:30,5075.0,5076.0,5070.0,5073.5,1232
2026-02-16 11:40:00+05:30,5073.0,5088.5,5069.0,5081.5,1812
2026-02-16 11:45:00+05:30,5080.0,5095.5,5080.0,5095.5,4638
2026-02-16 11:50:00+05:30,5096.0,5108.0,5091.5,5099.0,3086
2026-02-16 11:55:00+05:30,5100.0,5101.5,5092.5,5099.5,889
2026-02-16 12:00:00+05:30,5096.5,5108.5,5096.5,5108.5,1159
2026-02-16 12:05:00+05:30,5106.5,5109.5,5103.5,5103.5,441
2026-02-16 12:10:00+05:30,5103.5,5109.0,5097.5,5098.0,410
2026-02-16 12:15:00+05:30,5096.0,5105.0,5092.0,5105.0,285
2026-02-16 12:20:00+05:30,5105.0,5106.5,5097.0,5106.0,1352
2026-02-16 12:25:00+05:30,5105.0,5108.5,5102.5,5107.0,840
2026-02-16 12:30:00+05:30,5107.5,5110.0,5102.5,5109.0,895
2026-02-16 12:35:00+05:30,5106.0,5106.0,5102.5,5105.5,975
2026-02-16 12:40:00+05:30,5104.5,5109.5,5102.5,5109.5,1122
2026-02-16 12:45:00+05:30,5107.0,5114.0,5105.0,5109.0,3296
2026-02-16 12:50:00+05:30,5108.0,5113.0,5100.5,5112.0,6051
2026-02-16 12:55:00+05:30,5112.5,5114.0,5096.5,5096.5,6563
2026-02-16 13:00:00+05:30,5097.0,5110.0,5096.0,5106.0,3123
2026-02-16 13:05:00+05:30,5106.0,5113.0,5102.5,5102.5,6286
2026-02-16 13:10:00+05:30,5103.0,5105.0,5093.0,5101.5,3159
2026-02-16 13:15:00+05:30,5096.5,5109.5,5096.5,5109.5,2091
2026-02-16 13:20:00+05:30,5109.0,5116.0,5109.0,5113.5,1907
2026-02-16 13:25:00+05:30,5112.0,5112.0,5107.0,5110.5,536
2026-02-16 13:30:00+05:30,5107.0,5107.0,5090.0,5095.0,1972
2026-02-16 13:35:00+05:30,5095.5,5097.5,5091.0,5094.0,464
2026-02-16 13:40:00+05:30,5093.0,5096.5,5091.0,5096.5,1155
2026-02-16 13:45:00+05:30,5093.0,5094.0,5088.5,5091.0,1207
2026-02-16 13:50:00+05:30,5092.5,5095.0,5091.0,5092.5,1055
2026-02-16 13:55:00+05:30,5092.0,5092.0,5081.0,5082.5,1133
2026-02-16 14:00:00+05:30,5082.5,5093.5,5082.0,5088.0,4701
2026-02-16 14:05:00+05:30,5091.5,5093.0,5083.0,5087.0,631
2026-02-16 14:10:00+05:30,5087.0,5092.0,5076.0,5077.5,2322
2026-02-16 14:15:00+05:30,5076.0,5079.5,5071.5,5071.5,1083
2026-02-16 14:20:00+05:30,5072.0,5076.0,5066.0,5066.0,712
2026-02-16 14:25:00+05:30,5070.0,5081.5,5062.5,5079.0,6077
2026-02-16 14:30:00+05:30,5082.5,5106.0,5079.0,5106.0,3034
2026-02-16 14:35:00+05:30,5106.5,5122.0,5090.5,5093.5,3301
2026-02-16 14:40:00+05:30,5096.5,5104.5,5091.0,5101.5,2070
2026-02-16 14:45:00+05:30,5101.0,5104.0,5090.0,5104.0,4253
2026-02-16 14:50:00+05:30,5101.0,5110.5,5096.0,5110.0,5908
2026-02-16 14:55:00+05:30,5106.5,5119.5,5105.0,5119.5,2935
2026-02-16 15:00:00+05:30,5120.0,5125.0,5115.5,5120.0,3565
2026-02-16 15:05:00+05:30,5117.0,5125.0,5115.5,5125.0,2132
2026-02-16 15:10:00+05:30,5123.5,5128.5,5121.0,5121.0,5613
2026-02-16 15:15:00+05:30,5121.5,5126.5,5117.0,5119.0,2785
2026-02-16 15:20:00+05:30,5120.0,5120.0,5107.5,5114.0,7012
2026-02-16 15:25:00+05:30,5114.0,5125.0,5110.0,5118.5,6295
2026-02-17 09:15:00+05:30,5058.0,5172.0,5058.0,5165.0,0
2026-02-17 09:20:00+05:30,5167.0,5167.0,5131.5,5135.5,4525
2026-02-17 09:25:00+05:30,5135.5,5144.0,5130.0,5137.0,2360
2026-02-17 09:30:00+05:30,5138.0,5182.0,5138.0,5178.5,7967
2026-02-17 09:35:00+05:30,5180.5,5183.0,5161.0,5183.0,6158
2026-02-17 09:40:00+05:30,5184.0,5193.5,5179.0,5182.5,12230
2026-02-17 09:45:00+05:30,5183.5,5186.0,5172.5,5178.5,3141
2026-02-17 09:50:00+05:30,5180.0,5188.0,5176.5,5187.5,3039
2026-02-17 09:55:00+05:30,5188.5,5199.5,5188.0,5197.0,7917
2026-02-17 10:00:00+05:30,5197.0,5199.0,5172.0,5180.5,2689
2026-02-17 10:05:00+05:30,5180.5,5180.5,5168.0,5174.0,2612
2026-02-17 10:10:00+05:30,5174.0,5182.0,5173.0,5179.5,1191
2026-02-17 10:15:00+05:30,5173.0,5178.5,5170.0,5176.5,1843
2026-02-17 10:20:00+05:30,5174.0,5176.0,5170.5,5171.0,1209
2026-02-17 10:25:00+05:30,5170.5,5184.5,5166.5,5176.0,5108
2026-02-17 10:30:00+05:30,5174.0,5184.5,5174.0,5180.5,2041
2026-02-17 10:35:00+05:30,5182.0,5182.0,5168.0,5174.0,2042
2026-02-17 10:40:00+05:30,5174.0,5180.5,5160.0,5162.0,1215
2026-02-17 10:45:00+05:30,5160.0,5170.0,5160.0,5164.0,2335
2026-02-17 10:50:00+05:30,5163.5,5164.0,5156.5,5163.0,1880
2026-02-17 10:55:00+05:30,5163.0,5166.0,5158.0,5163.5,711
2026-02-17 11:00:00+05:30,5164.0,5174.0,5164.0,5164.5,680
2026-02-17 11:05:00+05:30,5164.5,5171.5,5161.5,5169.5,817
2026-02-17 11:10:00+05:30,5168.5,5171.5,5164.0,5166.5,575
2026-02-17 11:15:00+05:30,5170.0,5174.5,5167.5,5171.5,545
2026-02-17 11:20:00+05:30,5171.5,5171.5,5164.5,5167.0,566
2026-02-17 11:25:00+05:30,5165.5,5182.5,5165.5,5182.5,1440
2026-02-17 11:30:00+05:30,5184.0,5218.5,5181.5,5211.5,7228
2026-02-17 11:35:00+05:30,5211.5,5212.0,5200.0,5205.0,2884
2026-02-17 11:40:00+05:30,5204.0,5204.0,5190.0,5199.5,1352
2026-02-17 11:45:00+05:30,5201.0,5224.0,5200.5,5224.0,3590
2026-02-17 11:50:00+05:30,5222.0,5233.0,5220.0,5225.0,6907
2026-02-17 11:55:00+05:30,5227.5,5227.5,5205.0,5218.5,3410
2026-02-17 12:00:00+05:30,5218.5,5224.0,5215.0,5221.5,2109
2026-02-17 12:05:00+05:30,5219.0,5220.5,5213.0,5215.5,657
2026-02-17 12:10:00+05:30,5214.0,5218.5,5212.0,5213.0,1731
2026-02-17 12:15:00+05:30,5216.0,5228.5,5214.5,5224.5,2226
2026-02-17 12:20:00+05:30,5227.0,5234.5,5222.0,5231.0,4075
2026-02-17 12:25:00+05:30,5232.0,5234.0,5220.0,5221.5,1160
2026-02-17 12:30:00+05:30,5222.0,5222.0,5212.5,5212.5,1868
2026-02-17 12:35:00+05:30,5212.5,5213.0,5201.5,5203.5,6551
2026-02-17 12:40:00+05:30,5202.0,5207.0,5197.0,5207.0,2756
2026-02-17 12:45:00+05:30,5206.0,5210.5,5201.5,5205.0,1001
2026-02-17 12:50:00+05:30,5205.0,5217.5,5202.5,5212.0,1282
2026-02-17 12:55:00+05:30,5212.0,5215.5,5203.0,5208.0,1801
2026-02-17 13:00:00+05:30,5209.0,5214.0,5202.5,5203.5,745
2026-02-17 13:05:00+05:30,5202.5,5219.5,5199.0,5219.5,2893
2026-02-17 13:10:00+05:30,5219.5,5219.5,5205.5,5213.5,1447
2026-02-17 13:15:00+05:30,5212.5,5214.0,5205.0,5209.5,4585
2026-02-17 13:20:00+05:30,5208.5,5213.0,5203.5,5207.5,1839
2026-02-17 13:25:00+05:30,5204.0,5206.5,5197.5,5200.0,9682
2026-02-17 13:30:00+05:30,5201.0,5211.0,5198.0,5204.0,3135
2026-02-17 13:35:00+05:30,5202.0,5204.0,5193.0,5193.0,3325
2026-02-17 13:40:00+05:30,5195.0,5196.0,5184.0,5186.0,1960
2026-02-17 13:45:00+05:30,5188.0,5189.0,5179.0,5180.0,4346
2026-02-17 13:50:00+05:30,5177.5,5185.5,5170.5,5179.0,3128
2026-02-17 13:55:00+05:30,5179.0,5180.5,5160.0,5160.0,2197
2026-02-17 14:00:00+05:30,5162.0,5171.5,5152.5,5170.0,7122
2026-02-17 14:05:00+05:30,5170.0,5177.0,5165.0,5167.0,6019
2026-02-17 14:10:00+05:30,5167.0,5170.5,5155.5,5157.0,11000
2026-02-17 14:15:00+05:30,5159.5,5164.0,5152.0,5157.0,5390
2026-02-17 14:20:00+05:30,5160.5,5173.0,5157.5,5167.0,11180
2026-02-17 14:25:00+05:30,5165.5,5166.5,5137.0,5140.0,4589
2026-02-17 14:30:00+05:30,5139.0,5148.5,5136.0,5144.0,5245
2026-02-17 14:35:00+05:30,5145.5,5146.5,5140.0,5145.5,3500
2026-02-17 14:40:00+05:30,5145.5,5156.0,5142.5,5152.0,11013
2026-02-17 14:45:00+05:30,5151.5,5153.0,5139.5,5145.0,10814
2026-02-17 14:50:00+05:30,5145.0,5161.0,5144.0,5157.0,6351
2026-02-17 14:55:00+05:30,5156.5,5164.0,5151.5,5164.0,5099
2026-02-17 15:00:00+05:30,5164.0,5169.5,5163.0,5166.0,6155
2026-02-17 15:05:00+05:30,5165.5,5173.5,5164.5,5173.5,3960
2026-02-17 15:10:00+05:30,5172.5,5172.5,5165.0,5170.0,4299
2026-02-17 15:15:00+05:30,5168.5,5170.0,5155.5,5155.5,11700
2026-02-17 15:20:00+05:30,5156.0,5169.5,5153.5,5165.0,11761
2026-02-17 15:25:00+05:30,5165.0,5167.5,5156.0,5164.5,7776
2026-02-18 09:15:00+05:30,5190.0,5190.0,5113.0,5138.5,0
2026-02-18 09:20:00+05:30,5139.0,5139.0,5101.0,5111.5,13165
2026-02-18 09:25:00+05:30,5107.5,5121.0,5105.5,5110.0,3384
2026-02-18 09:30:00+05:30,5109.0,5109.0,5081.0,5087.0,7466
2026-02-18 09:35:00+05:30,5085.0,5100.0,5083.0,5089.0,3789
2026-02-18 09:40:00+05:30,5090.5,5091.0,5066.0,5070.0,7380
2026-02-18 09:45:00+05:30,5069.0,5070.0,5051.5,5051.5,6422
2026-02-18 09:50:00+05:30,5052.0,5059.0,5045.5,5050.0,6864
2026-02-18 09:55:00+05:30,5048.5,5052.5,5030.5,5038.0,7718
2026-02-18 10:00:00+05:30,5037.0,5042.0,5024.0,5025.0,7091
2026-02-18 10:05:00+05:30,5024.5,5033.0,5019.0,5019.0,4807
2026-02-18 10:10:00+05:30,5018.0,5036.5,5015.5,5030.0,3983
2026-02-18 10:15:00+05:30,5031.5,5032.0,5019.5,5026.0,3072
2026-02-18 10:20:00+05:30,5026.5,5029.0,5018.0,5022.0,3090
2026-02-18 10:25:00+05:30,5023.0,5024.0,5013.0,5015.5,4675
2026-02-18 10:30:00+05:30,5017.0,5036.0,5015.0,5034.0,3899
2026-02-18 10:35:00+05:30,5034.5,5048.5,5034.0,5036.0,4686
2026-02-18 10:40:00+05:30,5035.5,5038.0,5026.5,5035.0,3796
2026-02-18 10:45:00+05:30,5034.0,5041.5,5033.0,5039.0,2096
2026-02-18 10:50:00+05:30,5035.5,5039.0,5034.0,5038.0,1397
2026-02-18 10:55:00+05:30,5038.0,5039.5,5028.0,5030.0,4715
2026-02-18 11:00:00+05:30,5030.0,5030.0,5022.5,5024.5,4297
2026-02-18 11:05:00+05:30,5024.0,5025.0,5013.5,5015.5,3365
2026-02-18 11:10:00+05:30,5013.0,5017.5,5008.0,5017.5,4212
2026-02-18 11:15:00+05:30,5018.0,5018.0,5010.5,5013.5,3432
2026-02-18 11:20:00+05:30,5014.5,5020.0,5010.0,5013.0,2886
2026-02-18 11:25:00+05:30,5013.0,5018.5,5010.0,5017.0,1997
2026-02-18 11:30:00+05:30,5016.0,5028.0,5010.5,5028.0,5538
2026-02-18 11:35:00+05:30,5028.0,5028.0,5013.5,5014.5,2971
2026-02-18 11:40:00+05:30,5020.0,5020.0,5010.5,5016.0,2952
2026-02-18 11:45:00+05:30,5018.0,5019.0,5011.0,5015.5,2403
2026-02-18 11:50:00+05:30,5016.5,5018.0,5002.0,5003.0,15655
2026-02-18 11:55:00+05:30,5003.0,5022.0,4999.0,5022.0,6726
2026-02-18 12:00:00+05:30,5021.0,5030.0,5020.0,5026.5,2995
2026-02-18 12:05:00+05:30,5026.0,5042.0,5024.0,5038.0,4119
2026-02-18 12:10:00+05:30,5038.0,5041.0,5030.5,5031.5,3331
2026-02-18 12:15:00+05:30,5032.5,5042.0,5030.0,5032.0,4436
2026-02-18 12:20:00+05:30,5030.5,5037.5,5030.0,5034.0,670
2026-02-18 12:25:00+05:30,5036.0,5036.0,5026.0,5030.0,1224
2026-02-18 12:30:00+05:30,5030.5,5043.5,5030.0,5040.0,3883
2026-02-18 12:35:00+05:30,5038.5,5043.0,5035.5,5037.0,1897
2026-02-18 12:40:00+05:30,5036.5,5039.5,5031.5,5035.5,2020
2026-02-18 12:45:00+05:30,5035.5,5040.0,5032.0,5032.5,2258
2026-02-18 12:50:00+05:30,5033.5,5036.5,5030.5,5030.5,4622
2026-02-18 12:55:00+05:30,5028.5,5032.5,5026.5,5030.5,999
2026-02-18 13:00:00+05:30,5029.0,5030.0,5021.0,5024.5,1663
2026-02-18 13:05:00+05:30,5025.0,5030.0,5025.0,5028.5,917
2026-02-18 13:10:00+05:30,5028.5,5030.0,5025.0,5030.0,1994
2026-02-18 13:15:00+05:30,5029.5,5032.0,5027.0,5029.5,1454
2026-02-18 13:20:00+05:30,5028.5,5033.5,5028.5,5032.0,582
2026-02-18 13:25:00+05:30,5032.0,5032.5,5026.5,5027.0,974
2026-02-18 13:30:00+05:30,5027.0,5029.0,5025.0,5025.0,740
2026-02-18 13:35:00+05:30,5024.0,5025.0,5021.0,5024.0,1413
2026-02-18 13:40:00+05:30,5022.5,5025.5,5020.5,5025.0,960
2026-02-18 13:45:00+05:30,5025.0,5030.0,5025.0,5028.0,850
2026-02-18 13:50:00+05:30,5029.0,5030.0,5018.0,5025.5,1790
2026-02-18 13:55:00+05:30,5022.5,5028.5,5021.0,5027.0,1000
2026-02-18 14:00:00+05:30,5027.5,5028.5,5025.0,5028.0,728
2026-02-18 14:05:00+05:30,5028.0,5034.0,5028.0,5034.0,1048
2026-02-18 14:10:00+05:30,5033.5,5046.5,5033.5,5045.5,6156
2026-02-18 14:15:00+05:30,5044.0,5045.5,5040.0,5043.0,3242
2026-02-18 14:20:00+05:30,5042.5,5044.5,5039.0,5044.5,1517
2026-02-18 14:25:00+05:30,5045.0,5045.0,5038.0,5038.5,1583
2026-02-18 14:30:00+05:30,5037.0,5044.0,5033.0,5038.0,2037
2026-02-18 14:35:00+05:30,5041.5,5043.0,5034.0,5038.5,1773
2026-02-18 14:40:00+05:30,5038.0,5038.5,5030.0,5033.0,2604
2026-02-18 14:45:00+05:30,5033.0,5036.5,5027.0,5036.5,4182
2026-02-18 14:50:00+05:30,5035.5,5043.5,5034.5,5042.5,2538
2026-02-18 14:55:00+05:30,5042.0,5049.5,5041.0,5043.0,4372
2026-02-18 15:00:00+05:30,5050.0,5057.0,5050.0,5056.5,7632
2026-02-18 15:05:00+05:30,5055.0,5055.0,5050.0,5053.5,3518
2026-02-18 15:10:00+05:30,5053.5,5056.0,5050.5,5053.0,5290
2026-02-18 15:15:00+05:30,5052.5,5058.0,5050.0,5057.0,7613
2026-02-18 15:20:00+05:30,5057.5,5059.0,5054.5,5056.0,9011
2026-02-18 15:25:00+05:30,5055.5,5057.0,5048.0,5054.0,7153
2026-02-19 09:15:00+05:30,5070.0,5111.5,5070.0,5095.0,0
2026-02-19 09:20:00+05:30,5096.5,5105.0,5087.5,5090.0,7654
2026-02-19 09:25:00+05:30,5091.0,5095.5,5080.5,5084.0,3372
2026-02-19 09:30:00+05:30,5083.0,5083.0,5068.5,5068.5,3949
2026-02-19 09:35:00+05:30,5066.0,5078.5,5061.0,5066.5,3883
2026-02-19 09:40:00+05:30,5067.0,5074.5,5056.0,5061.0,4078
2026-02-19 09:45:00+05:30,5062.5,5085.0,5060.0,5083.0,1836
2026-02-19 09:50:00+05:30,5086.0,5088.5,5071.5,5072.0,2524
2026-02-19 09:55:00+05:30,5074.5,5078.5,5061.0,5065.0,1346
2026-02-19 10:00:00+05:30,5065.5,5076.5,5062.0,5072.0,1740
2026-02-19 10:05:00+05:30,5073.0,5083.5,5073.0,5076.5,2349
2026-02-19 10:10:00+05:30,5076.0,5080.0,5065.5,5067.5,995
2026-02-19 10:15:00+05:30,5067.5,5075.5,5055.0,5056.5,3503
2026-02-19 10:20:00+05:30,5056.0,5058.0,5047.0,5051.0,2494
2026-02-19 10:25:00+05:30,5051.0,5051.0,5038.0,5043.0,4445
2026-02-19 10:30:00+05:30,5043.0,5049.0,5039.0,5043.5,1483
2026-02-19 10:35:00+05:30,5043.0,5045.5,5039.0,5040.0,1268
2026-02-19 10:40:00+05:30,5040.0,5045.5,5036.0,5044.0,1208
2026-02-19 10:45:00+05:30,5043.5,5053.5,5040.0,5050.0,1207
2026-02-19 10:50:00+05:30,5048.5,5049.0,5038.0,5043.5,1351
2026-02-19 10:55:00+05:30,5043.5,5048.0,5042.0,5043.0,588
2026-02-19 11:00:00+05:30,5043.0,5057.5,5043.0,5056.0,904
2026-02-19 11:05:00+05:30,5057.0,5057.5,5045.0,5045.0,1449
2026-02-19 11:10:00+05:30,5045.0,5046.5,5040.0,5040.0,1225
2026-02-19 11:15:00+05:30,5042.0,5042.0,5035.5,5037.0,1029
2026-02-19 11:20:00+05:30,5036.0,5040.0,5035.0,5036.0,904
2026-02-19 11:25:00+05:30,5036.5,5040.5,5035.0,5040.0,1001
2026-02-19 11:30:00+05:30,5039.0,5044.5,5038.0,5038.0,1041
2026-02-19 11:35:00+05:30,5038.0,5040.0,5035.0,5037.5,919
2026-02-19 11:40:00+05:30,5037.5,5040.0,5031.5,5033.5,2544
2026-02-19 11:45:00+05:30,5035.5,5039.0,5031.0,5037.0,1931
2026-02-19 11:50:00+05:30,5037.0,5042.0,5035.0,5039.0,2434
2026-02-19 11:55:00+05:30,5037.5,5039.0,5033.5,5036.0,749
2026-02-19 12:00:00+05:30,5035.5,5037.5,5028.0,5030.0,1099
2026-02-19 12:05:00+05:30,5030.0,5033.5,5026.5,5026.5,1261
2026-02-19 12:10:00+05:30,5026.5,5028.0,5022.5,5023.0,2316
2026-02-19 12:15:00+05:30,5023.0,5026.5,5020.5,5025.5,2457
2026-02-19 12:20:00+05:30,5024.0,5039.5,5024.0,5036.0,1052
2026-02-19 12:25:00+05:30,5038.5,5038.5,5030.0,5032.5,786
2026-02-19 12:30:00+05:30,5035.5,5037.0,5032.5,5033.5,825
2026-02-19 12:35:00+05:30,5033.5,5036.0,5025.0,5027.0,825
2026-02-19 12:40:00+05:30,5025.5,5029.0,5021.0,5025.0,1261
2026-02-19 12:45:00+05:30,5027.0,5027.5,5021.5,5026.0,1024
2026-02-19 12:50:00+05:30,5026.0,5033.5,5023.0,5024.0,1734
2026-02-19 12:55:00+05:30,5026.0,5030.5,5022.5,5028.0,814
2026-02-19 13:00:00+05:30,5030.5,5030.5,5020.5,5023.0,970
2026-02-19 13:05:00+05:30,5025.0,5029.5,5024.0,5027.0,1100
2026-02-19 13:10:00+05:30,5028.5,5030.5,5020.5,5021.5,1376
2026-02-19 13:15:00+05:30,5023.5,5023.5,5015.5,5020.0,1197
2026-02-19 13:20:00+05:30,5021.5,5025.0,5017.0,5020.5,1106
2026-02-19 13:25:00+05:30,5023.0,5023.5,5015.5,5018.0,727
2026-02-19 13:30:00+05:30,5021.0,5022.0,5011.5,5022.0,2490
2026-02-19 13:35:00+05:30,5023.0,5024.5,5017.5,5018.5,502
2026-02-19 13:40:00+05:30,5021.0,5023.0,5017.0,5020.0,550
2026-02-19 13:45:00+05:30,5018.0,5021.0,5011.0,5011.5,1036
2026-02-19 13:50:00+05:30,5012.0,5017.0,5011.0,5015.5,1031
2026-02-19 13:55:00+05:30,5017.5,5017.5,5008.0,5008.0,2462
2026-02-19 14:00:00+05:30,5011.0,5014.5,5002.5,5002.5,2622
2026-02-19 14:05:00+05:30,5003.0,5007.0,5001.0,5004.5,1784
2026-02-19 14:10:00+05:30,5006.5,5011.0,5004.5,5007.5,917
2026-02-19 14:15:00+05:30,5007.0,5011.0,5002.0,5002.5,2969
2026-02-19 14:20:00+05:30,5005.0,5015.5,5002.5,5008.5,4935
2026-02-19 14:25:00+05:30,5010.0,5010.0,4991.5,4991.5,6522
2026-02-19 14:30:00+05:30,4992.0,5005.0,4992.0,5001.5,5031
2026-02-19 14:35:00+05:30,5003.0,5006.0,4998.5,5001.5,4008
2026-02-19 14:40:00+05:30,5001.0,5003.0,4985.0,4987.5,5515
2026-02-19 14:45:00+05:30,4987.0,4987.5,4977.0,4986.0,7222
2026-02-19 14:50:00+05:30,4984.5,4995.0,4984.5,4990.0,7226
2026-02-19 14:55:00+05:30,4989.5,5000.0,4988.0,4996.0,4246
2026-02-19 15:00:00+05:30,4996.0,4996.0,4976.0,4986.0,3865
2026-02-19 15:05:00+05:30,4986.0,4988.0,4967.0,4974.0,6648
2026-02-19 15:10:00+05:30,4978.5,4978.5,4961.5,4961.5,3608
2026-02-19 15:15:00+05:30,4962.0,4965.0,4955.5,4960.0,9891
2026-02-19 15:20:00+05:30,4959.5,4959.5,4943.0,4947.0,7266
2026-02-19 15:25:00+05:30,4945.0,4959.5,4927.0,4959.5,8684
2026-02-20 09:15:00+05:30,4930.0,4930.0,4897.0,4924.0,0
2026-02-20 09:20:00+05:30,4923.0,4928.5,4892.0,4893.0,9493
2026-02-20 09:25:00+05:30,4893.5,4902.0,4883.0,4883.0,7129
2026-02-20 09:30:00+05:30,4885.0,4917.5,4882.0,4913.0,6523
2026-02-20 09:35:00+05:30,4913.5,4915.5,4888.5,4899.0,3061
2026-02-20 09:40:00+05:30,4902.0,4911.0,4888.5,4910.5,2584
2026-02-20 09:45:00+05:30,4909.0,4926.0,4900.0,4920.5,2746
2026-02-20 09:50:00+05:30,4921.0,4929.5,4903.5,4905.5,2566
2026-02-20 09:55:00+05:30,4904.0,4912.0,4895.0,4910.0,3108
2026-02-20 10:00:00+05:30,4909.0,4912.0,4885.0,4885.0,2374
2026-02-20 10:05:00+05:30,4885.5,4894.5,4881.0,4884.5,3208
2026-02-20 10:10:00+05:30,4885.0,4907.0,4884.5,4906.0,2944
2026-02-20 10:15:00+05:30,4907.0,4935.5,4907.0,4927.0,7350
2026-02-20 10:20:00+05:30,4929.5,4930.5,4923.0,4927.0,1564
2026-02-20 10:25:00+05:30,4927.5,4947.0,4927.0,4928.5,2789
2026-02-20 10:30:00+05:30,4932.5,4949.0,4932.5,4945.0,1597
2026-02-20 10:35:00+05:30,4946.0,4947.0,4937.5,4939.0,678
2026-02-20 10:40:00+05:30,4939.5,4945.5,4935.5,4936.0,879
2026-02-20 10:45:00+05:30,4935.0,4939.0,4925.5,4930.0,1500
2026-02-20 10:50:00+05:30,4930.0,4949.0,4927.0,4944.5,2081
2026-02-20 10:55:00+05:30,4945.5,4961.5,4932.0,4941.5,6591
2026-02-20 11:00:00+05:30,4939.0,4942.5,4927.0,4930.5,1748
2026-02-20 11:05:00+05:30,4929.5,4933.0,4915.0,4918.5,2693
2026-02-20 11:10:00+05:30,4917.0,4928.0,4916.0,4922.5,1376
2026-02-20 11:15:00+05:30,4925.5,4929.5,4919.0,4919.5,1120
2026-02-20 11:20:00+05:30,4919.5,4920.5,4903.5,4906.5,2420
2026-02-20 11:25:00+05:30,4906.5,4918.5,4904.0,4912.5,1536
2026-02-20 11:30:00+05:30,4912.5,4917.5,4910.5,4911.5,1060
2026-02-20 11:35:00+05:30,4912.0,4913.5,4908.5,4910.0,747
2026-02-20 11:40:00+05:30,4910.5,4913.0,4901.0,4904.0,1711
2026-02-20 11:45:00+05:30,4906.5,4908.5,4894.0,4895.5,2837
2026-02-20 11:50:00+05:30,4895.5,4898.5,4890.0,4893.0,2179
2026-02-20 11:55:00+05:30,4894.0,4904.5,4893.5,4902.5,1948
2026-02-20 12:00:00+05:30,4902.5,4902.5,4890.5,4892.0,2174
2026-02-20 12:05:00+05:30,4894.0,4897.0,4891.0,4896.0,1313
2026-02-20 12:10:00+05:30,4896.0,4903.5,4896.0,4898.5,1543
2026-02-20 12:15:00+05:30,4898.5,4909.5,4898.5,4903.0,2074
2026-02-20 12:20:00+05:30,4904.0,4909.0,4903.0,4905.5,1086
2026-02-20 12:25:00+05:30,4905.0,4908.5,4903.0,4903.5,1425
2026-02-20 12:30:00+05:30,4904.0,4906.0,4891.5,4894.0,2103
2026-02-20 12:35:00+05:30,4894.5,4896.5,4885.0,4891.0,2741
2026-02-20 12:40:00+05:30,4891.0,4891.5,4880.0,4880.0,2381
2026-02-20 12:45:00+05:30,4877.0,4880.5,4872.0,4873.0,5770
2026-02-20 12:50:00+05:30,4873.0,4881.0,4873.0,4880.0,1406
2026-02-20 12:55:00+05:30,4882.0,4882.0,4865.0,4869.5,2684
2026-02-20 13:00:00+05:30,4870.5,4880.5,4869.5,4878.0,1248
2026-02-20 13:05:00+05:30,4876.5,4880.5,4875.5,4876.5,1264
2026-02-20 13:10:00+05:30,4878.5,4881.5,4875.0,4877.0,1110
2026-02-20 13:15:00+05:30,4877.5,4877.5,4864.0,4869.0,3440
2026-02-20 13:20:00+05:30,4869.0,4874.0,4867.5,4870.0,1475
2026-02-20 13:25:00+05:30,4870.0,4885.5,4866.5,4884.5,3477
2026-02-20 13:30:00+05:30,4884.5,4895.0,4883.0,4889.5,3047
2026-02-20 13:35:00+05:30,4889.5,4908.5,4889.5,4900.5,4199
2026-02-20 13:40:00+05:30,4900.5,4904.5,4895.0,4901.0,2087
2026-02-20 13:45:00+05:30,4899.5,4904.5,4896.5,4903.0,990
2026-02-20 13:50:00+05:30,4904.0,4907.0,4893.0,4894.0,1583
2026-02-20 13:55:00+05:30,4894.5,4905.0,4893.0,4903.0,1304
2026-02-20 14:00:00+05:30,4903.0,4920.0,4903.0,4915.0,2807
2026-02-20 14:05:00+05:30,4914.5,4926.0,4913.5,4920.0,4837
2026-02-20 14:10:00+05:30,4917.0,4922.5,4911.0,4911.0,1371
2026-02-20 14:15:00+05:30,4911.0,4922.0,4911.0,4917.5,3065
2026-02-20 14:20:00+05:30,4917.5,4922.0,4908.0,4909.5,3716
2026-02-20 14:25:00+05:30,4906.0,4909.5,4903.5,4906.5,1235
2026-02-20 14:30:00+05:30,4906.5,4907.5,4901.0,4901.5,1009
2026-02-20 14:35:00+05:30,4901.0,4906.0,4895.0,4900.0,1698
2026-02-20 14:40:00+05:30,4899.5,4905.0,4893.5,4903.5,1938
2026-02-20 14:45:00+05:30,4903.5,4910.0,4902.0,4907.0,2618
2026-02-20 14:50:00+05:30,4905.0,4910.5,4898.5,4910.5,2850
2026-02-20 14:55:00+05:30,4911.0,4918.0,4908.5,4911.5,4088
2026-02-20 15:00:00+05:30,4916.5,4917.0,4897.5,4899.5,8094
2026-02-20 15:05:00+05:30,4901.0,4901.5,4894.5,4897.5,4479
2026-02-20 15:10:00+05:30,4898.0,4901.0,4897.0,4897.0,5849
2026-02-20 15:15:00+05:30,4899.0,4899.0,4886.5,4887.0,8802
2026-02-20 15:20:00+05:30,4885.0,4889.0,4871.0,4872.5,10425
2026-02-20 15:25:00+05:30,4870.5,4874.0,4865.5,4874.0,8168
2026-02-23 09:15:00+05:30,4829.5,4873.5,4826.5,4857.0,0
2026-02-23 09:20:00+05:30,4858.0,4867.5,4841.0,4862.5,7488
2026-02-23 09:25:00+05:30,4862.5,4876.0,4860.0,4860.0,6168
2026-02-23 09:30:00+05:30,4859.5,4862.5,4827.0,4835.0,7324
2026-02-23 09:35:00+05:30,4835.0,4841.0,4815.5,4820.0,5873
2026-02-23 09:40:00+05:30,4816.5,4821.5,4803.0,4805.5,9782
2026-02-23 09:45:00+05:30,4804.0,4812.0,4801.0,4803.0,5978
2026-02-23 09:50:00+05:30,4805.0,4807.0,4785.5,4786.0,6492
2026-02-23 09:55:00+05:30,4789.0,4789.0,4770.5,4780.5,8401
2026-02-23 10:00:00+05:30,4782.5,4797.0,4777.0,4797.0,3281
2026-02-23 10:05:00+05:30,4795.0,4802.0,4780.0,4789.0,3548
2026-02-23 10:10:00+05:30,4790.0,4797.5,4787.0,4795.0,4165
2026-02-23 10:15:00+05:30,4795.5,4800.0,4791.5,4791.5,2835
2026-02-23 10:20:00+05:30,4793.0,4797.0,4788.0,4793.5,2665
2026-02-23 10:25:00+05:30,4792.0,4795.0,4781.0,4787.0,1485
2026-02-23 10:30:00+05:30,4788.5,4788.5,4776.0,4778.0,2765
2026-02-23 10:35:00+05:30,4777.0,4777.5,4769.0,4774.0,5095
2026-02-23 10:40:00+05:30,4774.0,4785.5,4766.0,4779.5,8297
2026-02-23 10:45:00+05:30,4782.0,4789.0,4778.5,4786.5,3748
2026-02-23 10:50:00+05:30,4787.5,4797.0,4786.5,4789.5,2665
2026-02-23 10:55:00+05:30,4791.5,4791.5,4780.0,4786.5,3181
2026-02-23 11:00:00+05:30,4786.0,4806.5,4786.0,4800.5,4243
2026-02-23 11:05:00+05:30,4800.0,4809.0,4795.5,4809.0,2378
2026-02-23 11:10:00+05:30,4809.0,4813.0,4802.0,4808.5,3886
2026-02-23 11:15:00+05:30,4810.0,4810.0,4792.5,4796.0,1230
2026-02-23 11:20:00+05:30,4795.0,4798.0,4790.5,4792.5,1617
2026-02-23 11:25:00+05:30,4793.5,4800.0,4792.0,4796.0,1214
2026-02-23 11:30:00+05:30,4796.0,4804.0,4792.5,4798.5,1472
2026-02-23 11:35:00+05:30,4797.0,4805.5,4797.0,4805.0,1341
2026-02-23 11:40:00+05:30,4803.0,4819.0,4803.0,4816.5,2877
2026-02-23 11:45:00+05:30,4814.5,4820.5,4812.5,4819.0,4031
2026-02-23 11:50:00+05:30,4819.0,4832.5,4814.0,4832.5,3708
2026-02-23 11:55:00+05:30,4832.0,4839.0,4827.0,4830.0,5243
2026-02-23 12:00:00+05:30,4828.5,4831.5,4822.5,4822.5,2701
2026-02-23 12:05:00+05:30,4822.5,4827.5,4822.5,4823.5,1532
2026-02-23 12:10:00+05:30,4823.5,4829.0,4817.0,4821.0,2467
2026-02-23 12:15:00+05:30,4820.0,4825.0,4818.0,4825.0,1630
2026-02-23 12:20:00+05:30,4825.0,4825.0,4814.0,4818.0,1030
2026-02-23 12:25:00+05:30,4818.0,4818.5,4810.0,4817.5,1250
2026-02-23 12:30:00+05:30,4817.5,4826.0,4817.5,4821.0,1766
2026-02-23 12:35:00+05:30,4822.5,4823.5,4814.0,4815.0,1969
2026-02-23 12:40:00+05:30,4815.0,4820.0,4812.5,4819.5,829
2026-02-23 12:45:00+05:30,4821.5,4821.5,4812.5,4815.0,1235
2026-02-23 12:50:00+05:30,4815.0,4844.5,4813.0,4844.5,16123
2026-02-23 12:55:00+05:30,4844.5,4849.0,4831.0,4833.0,12984
2026-02-23 13:00:00+05:30,4831.0,4833.0,4813.5,4826.0,8235
2026-02-23 13:05:00+05:30,4825.0,4829.0,4823.0,4826.0,3739
2026-02-23 13:10:00+05:30,4825.5,4827.0,4813.5,4817.0,4901
2026-02-23 13:15:00+05:30,4817.0,4826.5,4814.0,4824.5,3743
2026-02-23 13:20:00+05:30,4825.0,4830.5,4823.5,4828.0,2005
2026-02-23 13:25:00+05:30,4829.0,4834.0,4825.5,4829.5,2494
2026-02-23 13:30:00+05:30,4830.0,4830.5,4816.5,4821.0,2872
2026-02-23 13:35:00+05:30,4818.5,4825.0,4810.5,4810.5,4778
2026-02-23 13:40:00+05:30,4813.0,4819.5,4803.0,4815.0,4479
2026-02-23 13:45:00+05:30,4817.5,4819.0,4815.0,4817.0,3973
2026-02-23 13:50:00+05:30,4817.5,4819.5,4815.0,4815.5,4864
2026-02-23 13:55:00+05:30,4816.0,4820.0,4815.0,4815.0,3833
2026-02-23 14:00:00+05:30,4815.5,4821.0,4815.0,4821.0,5196
2026-02-23 14:05:00+05:30,4818.5,4822.0,4815.0,4820.5,4614
2026-02-23 14:10:00+05:30,4819.0,4822.5,4817.0,4821.5,2962
2026-02-23 14:15:00+05:30,4821.5,4822.0,4816.0,4818.5,3101
2026-02-23 14:20:00+05:30,4817.0,4820.0,4815.0,4816.5,2643
2026-02-23 14:25:00+05:30,4816.0,4816.0,4798.5,4812.0,6607
2026-02-23 14:30:00+05:30,4809.5,4831.0,4809.0,4825.0,12379
2026-02-23 14:35:00+05:30,4825.0,4828.5,4813.5,4814.0,4175
2026-02-23 14:40:00+05:30,4817.5,4821.0,4808.5,4808.5,7561
2026-02-23 14:45:00+05:30,4810.0,4820.0,4807.0,4820.0,3602
2026-02-23 14:50:00+05:30,4819.5,4821.0,4811.0,4819.0,3962
2026-02-23 14:55:00+05:30,4818.5,4828.0,4816.5,4822.0,3874
2026-02-23 15:00:00+05:30,4831.5,4842.0,4831.5,4839.5,12906
2026-02-23 15:05:00+05:30,4839.5,4841.5,4819.0,4828.0,8889
2026-02-23 15:10:00+05:30,4827.5,4834.5,4821.0,4829.5,6586
2026-02-23 15:15:00+05:30,4831.0,4835.0,4829.5,4829.5,6166
2026-02-23 15:20:00+05:30,4829.5,4832.5,4826.0,4831.0,8127
2026-02-23 15:25:00+05:30,4831.0,4836.5,4821.0,4833.0,7336
2026-02-24 09:15:00+05:30,4765.0,4772.0,4725.5,4731.5,0
2026-02-24 09:20:00+05:30,4731.5,4741.0,4721.5,4727.5,14484
2026-02-24 09:25:00+05:30,4724.5,4724.5,4704.0,4708.5,17292
2026-02-24 09:30:00+05:30,4705.0,4728.5,4694.5,4728.5,14324
2026-02-24 09:35:00+05:30,4727.0,4729.5,4714.5,4715.0,4546
2026-02-24 09:40:00+05:30,4712.5,4723.0,4704.5,4720.5,5871
2026-02-24 09:45:00+05:30,4722.0,4739.0,4710.5,4734.0,8549
2026-02-24 09:50:00+05:30,4734.5,4737.0,4710.0,4721.0,3730
2026-02-24 09:55:00+05:30,4719.0,4727.5,4719.0,4725.0,5019
2026-02-24 10:00:00+05:30,4723.0,4745.5,4720.0,4733.5,6813
2026-02-24 10:05:00+05:30,4739.0,4739.0,4730.0,4730.0,1929
2026-02-24 10:10:00+05:30,4730.0,4734.5,4728.0,4730.0,1255
2026-02-24 10:15:00+05:30,4732.0,4738.5,4711.5,4722.0,7876
2026-02-24 10:20:00+05:30,4721.5,4729.0,4710.0,4712.5,4300
2026-02-24 10:25:00+05:30,4710.5,4719.5,4706.5,4710.0,2267
2026-02-24 10:30:00+05:30,4709.0,4712.5,4701.5,4707.0,5326
2026-02-24 10:35:00+05:30,4707.5,4718.0,4700.0,4700.0,3905
2026-02-24 10:40:00+05:30,4700.0,4701.5,4687.0,4689.0,10555
2026-02-24 10:45:00+05:30,4691.5,4691.5,4667.0,4669.0,6652
2026-02-24 10:50:00+05:30,4666.5,4670.0,4656.5,4658.5,15678
2026-02-24 10:55:00+05:30,4660.0,4665.5,4655.0,4657.5,7803
2026-02-24 11:00:00+05:30,4655.0,4659.5,4638.5,4643.0,18939
2026-02-24 11:05:00+05:30,4643.0,4659.0,4643.0,4651.5,3134
2026-02-24 11:10:00+05:30,4651.5,4656.0,4650.0,4652.5,3175
2026-02-24 11:15:00+05:30,4650.5,4652.0,4639.5,4646.0,8540
2026-02-24 11:20:00+05:30,4644.5,4645.5,4637.0,4644.0,2502
2026-02-24 11:25:00+05:30,4645.0,4647.0,4638.0,4643.0,2829
2026-02-24 11:30:00+05:30,4643.0,4643.0,4634.0,4634.5,1808
2026-02-24 11:35:00+05:30,4635.5,4639.5,4623.0,4623.0,7864
2026-02-24 11:40:00+05:30,4626.5,4630.0,4608.0,4610.0,12246
2026-02-24 11:45:00+05:30,4610.0,4610.0,4591.5,4599.0,20832
2026-02-24 11:50:00+05:30,4599.0,4600.0,4593.0,4597.0,4884
2026-02-24 11:55:00+05:30,4596.0,4596.0,4577.0,4578.0,20578
2026-02-24 12:00:00+05:30,4578.0,4580.0,4558.0,4560.0,26314
2026-02-24 12:05:00+05:30,4559.5,4560.0,4545.0,4546.5,18051
2026-02-24 12:10:00+05:30,4549.0,4550.0,4542.0,4548.0,29789
2026-02-24 12:15:00+05:30,4548.0,4548.0,4539.5,4544.0,8563
2026-02-24 12:20:00+05:30,4544.0,4548.0,4541.0,4548.0,6605
2026-02-24 12:25:00+05:30,4549.5,4550.0,4539.5,4539.5,10891
2026-02-24 12:30:00+05:30,4540.0,4548.5,4540.0,4546.0,3426
2026-02-24 12:35:00+05:30,4546.5,4549.0,4540.5,4541.0,7107
2026-02-24 12:40:00+05:30,4541.0,4541.0,4522.5,4523.0,8234
2026-02-24 12:45:00+05:30,4523.0,4531.0,4521.0,4526.5,15666
2026-02-24 12:50:00+05:30,4526.5,4529.0,4512.0,4515.0,13553
2026-02-24 12:55:00+05:30,4515.0,4515.0,4501.0,4502.0,17055
2026-02-24 13:00:00+05:30,4504.5,4513.0,4501.0,4511.0,19366
2026-02-24 13:05:00+05:30,4511.0,4517.0,4506.5,4510.0,13257
2026-02-24 13:10:00+05:30,4510.0,4524.5,4505.0,4514.0,24721
2026-02-24 13:15:00+05:30,4512.0,4513.5,4501.5,4504.5,14525
2026-02-24 13:20:00+05:30,4505.5,4505.5,4497.0,4498.0,8052
2026-02-24 13:25:00+05:30,4498.5,4502.5,4487.5,4496.0,10666
2026-02-24 13:30:00+05:30,4496.0,4516.5,4493.5,4512.0,23600
2026-02-24 13:35:00+05:30,4512.0,4517.0,4501.5,4515.0,19491
2026-02-24 13:40:00+05:30,4515.0,4520.0,4505.0,4506.0,6702
2026-02-24 13:45:00+05:30,4506.0,4506.5,4495.5,4505.0,6663
2026-02-24 13:50:00+05:30,4506.5,4509.0,4500.0,4502.0,7261
2026-02-24 13:55:00+05:30,4502.5,4510.0,4502.5,4508.5,3076
2026-02-24 14:00:00+05:30,4510.0,4515.0,4501.5,4503.0,12320
2026-02-24 14:05:00+05:30,4502.0,4506.0,4497.0,4497.0,8304
2026-02-24 14:10:00+05:30,4499.5,4508.0,4499.5,4504.0,11542
2026-02-24 14:15:00+05:30,4504.0,4513.0,4501.5,4511.0,10757
2026-02-24 14:20:00+05:30,4510.5,4516.0,4506.0,4515.0,7060
2026-02-24 14:25:00+05:30,4515.0,4519.0,4512.5,4514.0,8198
2026-02-24 14:30:00+05:30,4514.5,4514.5,4502.0,4503.0,5088
2026-02-24 14:35:00+05:30,4502.0,4508.5,4493.0,4499.0,9702
2026-02-24 14:40:00+05:30,4499.5,4500.0,4492.0,4492.0,8885
2026-02-24 14:45:00+05:30,4493.0,4496.0,4484.0,4485.0,20948
2026-02-24 14:50:00+05:30,4484.0,4486.0,4468.0,4469.0,22724
2026-02-24 14:55:00+05:30,4468.5,4477.0,4467.0,4469.0,21543
2026-02-24 15:00:00+05:30,4469.5,4487.0,4469.5,4484.0,26256
2026-02-24 15:05:00+05:30,4484.0,4488.5,4477.0,4480.0,13199
2026-02-24 15:10:00+05:30,4479.0,4499.0,4479.0,4499.0,26640
2026-02-24 15:15:00+05:30,4499.0,4524.0,4498.0,4524.0,28941
2026-02-24 15:20:00+05:30,4523.5,4529.5,4516.5,4529.5,19361
2026-02-24 15:25:00+05:30,4530.5,4532.0,4501.0,4501.0,12868
2026-02-25 09:15:00+05:30,4566.0,4654.0,4566.0,4646.5,0
2026-02-25 09:20:00+05:30,4646.0,4656.5,4609.0,4616.0,16194
2026-02-25 09:25:00+05:30,4617.0,4617.0,4600.0,4609.5,12349
2026-02-25 09:30:00+05:30,4612.0,4612.5,4588.5,4611.0,10181
2026-02-25 09:35:00+05:30,4613.0,4618.0,4593.0,4605.0,10713
2026-02-25 09:40:00+05:30,4606.5,4613.0,4600.0,4607.5,5846
2026-02-25 09:45:00+05:30,4607.5,4629.0,4606.0,4621.0,11229
2026-02-25 09:50:00+05:30,4620.0,4626.0,4609.5,4625.5,4982
2026-02-25 09:55:00+05:30,4624.0,4634.5,4618.5,4626.0,8922
2026-02-25 10:00:00+05:30,4627.0,4647.5,4621.0,4641.5,8384
2026-02-25 10:05:00+05:30,4640.0,4645.0,4627.0,4632.0,4942
2026-02-25 10:10:00+05:30,4631.0,4634.5,4620.5,4625.5,6472
2026-02-25 10:15:00+05:30,4624.0,4632.5,4615.5,4620.0,5039
2026-02-25 10:20:00+05:30,4617.0,4617.0,4604.5,4613.0,2919
2026-02-25 10:25:00+05:30,4613.5,4614.0,4590.0,4593.0,4517
2026-02-25 10:30:00+05:30,4594.0,4600.0,4587.0,4588.5,3632
2026-02-25 10:35:00+05:30,4588.5,4598.0,4587.5,4590.5,2634
2026-02-25 10:40:00+05:30,4588.0,4589.5,4572.0,4579.0,8600
2026-02-25 10:45:00+05:30,4579.5,4592.0,4579.5,4588.0,2471
2026-02-25 10:50:00+05:30,4588.0,4590.5,4579.5,4589.5,2091
2026-02-25 10:55:00+05:30,4590.5,4597.0,4587.0,4591.5,1901
2026-02-25 11:00:00+05:30,4591.5,4603.0,4588.0,4589.0,2545
2026-02-25 11:05:00+05:30,4588.0,4600.0,4587.0,4595.0,1854
2026-02-25 11:10:00+05:30,4595.5,4600.0,4591.5,4598.0,2415
2026-02-25 11:15:00+05:30,4596.5,4596.5,4588.0,4590.5,996
2026-02-25 11:20:00+05:30,4590.0,4592.5,4584.0,4591.0,1302
2026-02-25 11:25:00+05:30,4589.5,4596.0,4586.0,4594.0,1352
2026-02-25 11:30:00+05:30,4591.0,4597.5,4590.0,4597.5,1282
2026-02-25 11:35:00+05:30,4595.0,4598.0,4583.0,4584.0,1647
2026-02-25 11:40:00+05:30,4584.0,4596.0,4577.0,4592.5,3381
2026-02-25 11:45:00+05:30,4590.0,4595.0,4588.0,4593.5,1158
2026-02-25 11:50:00+05:30,4593.5,4596.5,4587.0,4589.5,1363
2026-02-25 11:55:00+05:30,4587.0,4593.0,4584.0,4589.5,1219
2026-02-25 12:00:00+05:30,4590.0,4600.0,4587.0,4596.5,1551
2026-02-25 12:05:00+05:30,4595.5,4600.0,4588.5,4589.0,1170
2026-02-25 12:10:00+05:30,4589.0,4600.0,4589.0,4593.5,2759
2026-02-25 12:15:00+05:30,4593.5,4598.0,4592.0,4593.5,738
2026-02-25 12:20:00+05:30,4593.0,4593.5,4585.5,4588.5,1290
2026-02-25 12:25:00+05:30,4587.0,4587.0,4580.5,4582.0,911
2026-02-25 12:30:00+05:30,4582.0,4586.0,4566.5,4568.5,2659
2026-02-25 12:35:00+05:30,4568.5,4569.5,4562.5,4565.5,3771
2026-02-25 12:40:00+05:30,4565.0,4566.0,4541.0,4542.0,4146
2026-02-25 12:45:00+05:30,4542.0,4543.0,4528.0,4529.0,4621
2026-02-25 12:50:00+05:30,4526.5,4527.5,4520.5,4524.5,3792
2026-02-25 12:55:00+05:30,4521.0,4540.0,4520.5,4534.0,3812
2026-02-25 13:00:00+05:30,4532.0,4540.0,4527.0,4540.0,1575
2026-02-25 13:05:00+05:30,4540.0,4540.0,4515.5,4526.5,33770
2026-02-25 13:10:00+05:30,4526.0,4530.5,4525.5,4528.0,1396
2026-02-25 13:15:00+05:30,4526.0,4533.5,4524.5,4528.0,2735
2026-02-25 13:20:00+05:30,4530.0,4530.0,4520.5,4523.5,1671
2026-02-25 13:25:00+05:30,4525.0,4526.0,4520.5,4526.0,2975
2026-02-25 13:30:00+05:30,4525.5,4549.0,4525.5,4542.5,7187
2026-02-25 13:35:00+05:30,4542.5,4548.0,4541.5,4541.5,2426
2026-02-25 13:40:00+05:30,4543.0,4551.5,4538.5,4541.5,5411
2026-02-25 13:45:00+05:30,4540.0,4552.0,4539.0,4547.5,4081
2026-02-25 13:50:00+05:30,4547.5,4550.0,4541.0,4546.0,1402
2026-02-25 13:55:00+05:30,4545.0,4549.5,4545.0,4547.0,1336
2026-02-25 14:00:00+05:30,4547.0,4547.0,4536.5,4541.0,3396
2026-02-25 14:05:00+05:30,4539.0,4542.0,4534.0,4535.0,2197
2026-02-25 14:10:00+05:30,4534.0,4563.5,4534.0,4553.5,4290
2026-02-25 14:15:00+05:30,4553.0,4560.0,4551.0,4558.5,2260
2026-02-25 14:20:00+05:30,4559.0,4560.0,4545.5,4545.5,3570
2026-02-25 14:25:00+05:30,4545.5,4547.5,4541.0,4545.0,1501
2026-02-25 14:30:00+05:30,4545.0,4545.5,4540.0,4544.0,646
2026-02-25 14:35:00+05:30,4543.5,4548.0,4543.0,4546.0,1189
2026-02-25 14:40:00+05:30,4546.5,4549.0,4543.0,4546.5,2313
2026-02-25 14:45:00+05:30,4546.0,4549.0,4541.0,4544.0,1972
2026-02-25 14:50:00+05:30,4544.0,4546.5,4541.5,4546.0,1364
2026-02-25 14:55:00+05:30,4547.0,4560.5,4547.0,4559.0,4588
2026-02-25 15:00:00+05:30,4563.0,4579.0,4563.0,4570.5,8581
2026-02-25 15:05:00+05:30,4571.5,4573.0,4561.0,4562.5,5688
2026-02-25 15:10:00+05:30,4563.0,4563.0,4552.0,4562.5,6901
2026-02-25 15:15:00+05:30,4558.0,4561.0,4552.0,4552.5,8450
2026-02-25 15:20:00+05:30,4554.0,4556.5,4547.5,4552.5,8472
2026-02-25 15:25:00+05:30,4552.0,4552.5,4547.0,4549.5,7794
2026-02-26 09:15:00+05:30,4588.0,4642.5,4579.0,4620.0,0
2026-02-26 09:20:00+05:30,4625.0,4640.0,4600.0,4600.5,8617
2026-02-26 09:25:00+05:30,4602.0,4610.5,4595.5,4606.5,5495
2026-02-26 09:30:00+05:30,4604.5,4607.5,4598.0,4607.5,3721
2026-02-26 09:35:00+05:30,4608.0,4634.0,4607.0,4634.0,6160
2026-02-26 09:40:00+05:30,4632.5,4647.0,4626.5,4643.0,10913
2026-02-26 09:45:00+05:30,4644.0,4652.5,4640.5,4642.5,9549
2026-02-26 09:50:00+05:30,4644.5,4645.0,4611.0,4612.0,5806
2026-02-26 09:55:00+05:30,4614.0,4615.5,4602.0,4607.0,3908
2026-02-26 10:00:00+05:30,4606.0,4609.0,4596.0,4602.0,2405
2026-02-26 10:05:00+05:30,4600.5,4612.5,4595.5,4612.5,2200
2026-02-26 10:10:00+05:30,4613.5,4613.5,4603.0,4611.5,3467
2026-02-26 10:15:00+05:30,4612.0,4612.0,4596.0,4596.0,3176
2026-02-26 10:20:00+05:30,4596.0,4596.0,4572.0,4583.5,13694
2026-02-26 10:25:00+05:30,4581.5,4583.0,4568.5,4568.5,4941
2026-02-26 10:30:00+05:30,4568.0,4578.0,4563.0,4575.5,4307
2026-02-26 10:35:00+05:30,4574.5,4577.5,4563.0,4568.5,2262
2026-02-26 10:40:00+05:30,4567.5,4572.0,4565.0,4567.0,2323
2026-02-26 10:45:00+05:30,4569.0,4579.5,4565.0,4570.5,2911
2026-02-26 10:50:00+05:30,4570.0,4571.5,4546.0,4546.5,4717
2026-02-26 10:55:00+05:30,4546.5,4548.0,4534.0,4537.5,7112
2026-02-26 11:00:00+05:30,4538.5,4567.0,4538.5,4564.0,10324
2026-02-26 11:05:00+05:30,4562.0,4564.0,4547.0,4555.5,7015
2026-02-26 11:10:00+05:30,4556.0,4560.0,4550.0,4559.0,2443
2026-02-26 11:15:00+05:30,4558.0,4559.5,4552.0,4554.5,2048
2026-02-26 11:20:00+05:30,4552.5,4558.5,4549.5,4558.5,1133
2026-02-26 11:25:00+05:30,4558.5,4569.5,4556.0,4566.5,3427
2026-02-26 11:30:00+05:30,4566.0,4566.5,4551.5,4551.5,2606
2026-02-26 11:35:00+05:30,4553.0,4553.5,4545.0,4548.0,2369
2026-02-26 11:40:00+05:30,4546.0,4547.5,4523.0,4532.5,6476
2026-02-26 11:45:00+05:30,4533.5,4544.0,4533.0,4540.0,1563
2026-02-26 11:50:00+05:30,4540.5,4546.5,4535.5,4535.5,1179
2026-02-26 11:55:00+05:30,4536.5,4540.0,4536.0,4538.0,699
2026-02-26 12:00:00+05:30,4537.5,4543.5,4536.5,4541.5,516
2026-02-26 12:05:00+05:30,4543.5,4546.5,4535.0,4535.0,1707
2026-02-26 12:10:00+05:30,4536.5,4536.5,4526.0,4526.0,2812
2026-02-26 12:15:00+05:30,4526.5,4534.5,4525.0,4527.0,985
2026-02-26 12:20:00+05:30,4526.5,4529.5,4520.0,4520.0,1977
2026-02-26 12:25:00+05:30,4519.0,4520.5,4511.0,4513.5,3520
2026-02-26 12:30:00+05:30,4514.0,4514.0,4501.0,4503.0,5098
2026-02-26 12:35:00+05:30,4503.0,4508.0,4500.5,4501.5,2464
2026-02-26 12:40:00+05:30,4503.5,4508.5,4502.0,4505.5,990
2026-02-26 12:45:00+05:30,4508.5,4513.0,4502.0,4504.0,1955
2026-02-26 12:50:00+05:30,4509.0,4521.0,4509.0,4518.5,1817
2026-02-26 12:55:00+05:30,4515.5,4516.0,4507.0,4507.0,590
2026-02-26 13:00:00+05:30,4508.0,4514.0,4507.5,4514.0,711
2026-02-26 13:05:00+05:30,4515.0,4517.0,4508.0,4508.5,770
2026-02-26 13:10:00+05:30,4508.0,4510.0,4504.0,4504.5,1316
2026-02-26 13:15:00+05:30,4504.5,4504.5,4496.5,4501.0,3235
2026-02-26 13:20:00+05:30,4501.0,4508.0,4501.0,4503.5,837
2026-02-26 13:25:00+05:30,4505.5,4511.5,4500.5,4510.0,975
2026-02-26 13:30:00+05:30,4510.0,4510.0,4501.0,4505.5,2174
2026-02-26 13:35:00+05:30,4505.5,4511.0,4504.0,4509.0,1341
2026-02-26 13:40:00+05:30,4508.0,4512.0,4507.0,4507.5,878
2026-02-26 13:45:00+05:30,4507.0,4514.0,4507.0,4513.0,1712
2026-02-26 13:50:00+05:30,4513.0,4520.0,4510.0,4517.0,1368
2026-02-26 13:55:00+05:30,4517.5,4520.0,4514.0,4518.0,1535
2026-02-26 14:00:00+05:30,4516.5,4518.5,4506.5,4510.0,650
2026-02-26 14:05:00+05:30,4507.5,4516.0,4505.5,4516.0,738
2026-02-26 14:10:00+05:30,4513.5,4519.5,4513.0,4516.0,714
2026-02-26 14:15:00+05:30,4517.5,4517.5,4505.5,4506.0,1035
2026-02-26 14:20:00+05:30,4506.0,4508.0,4500.5,4502.0,1571
2026-02-26 14:25:00+05:30,4500.0,4509.0,4500.0,4505.0,829
2026-02-26 14:30:00+05:30,4505.5,4508.0,4503.0,4506.0,550
2026-02-26 14:35:00+05:30,4505.0,4506.5,4500.5,4500.5,1161
2026-02-26 14:40:00+05:30,4501.0,4509.5,4500.5,4509.5,1618
2026-02-26 14:45:00+05:30,4508.5,4510.0,4503.5,4504.0,1745
2026-02-26 14:50:00+05:30,4504.5,4508.5,4501.0,4506.0,2722
2026-02-26 14:55:00+05:30,4506.0,4519.0,4505.5,4518.0,3207
2026-02-26 15:00:00+05:30,4520.0,4528.0,4513.0,4516.5,5530
2026-02-26 15:05:00+05:30,4517.0,4519.0,4506.0,4506.0,7281
2026-02-26 15:10:00+05:30,4506.0,4506.5,4490.0,4492.0,9879
2026-02-26 15:15:00+05:30,4494.5,4505.5,4494.5,4498.5,7211
2026-02-26 15:20:00+05:30,4499.0,4503.0,4494.5,4497.5,7555
2026-02-26 15:25:00+05:30,4497.5,4510.0,4493.0,4501.0,8156
